DAY,REGION,CUSTOMER_TYPE,ACTIVE_VPP_DEVICES,AVG_BATTERY_SOC_PCT,AVG_SOLAR_KW,NET_GRID_KWH,AVG_PRICE_EUR_MWH,TOTAL_CUSTOMER_MARGIN_EUR,TOTAL_EPOWER_MARGIN_EUR,TOTAL_NET_MARGIN_EUR
2026-04-10,East,Gewerbekunde,44,45.851325758,1.866373106,-3288.4,123.458854167,450.0034,192.8647,642.8625
2026-04-10,East,Kleingewerbe,151,45.718543046,1.845262141,-12342,123.458854167,1630.3915,698.7688,2329.1178
2026-04-10,East,Privatkunde,613,45.856647635,1.851328167,-49204.4,123.458854167,6517.9362,2793.4982,9311.2967
2026-04-10,North,Gewerbekunde,67,45.928482587,1.876486318,-5319.2,123.458854167,710.9862,304.7171,1015.6938
2026-04-10,North,Kleingewerbe,161,45.733695652,1.854249482,-13293.2,123.458854167,1748.44,749.361,2497.766
2026-04-10,North,Privatkunde,686,45.921586492,1.864782556,-55780.4,123.458854167,7396.9599,3170.2436,10567.0639
2026-04-10,South,Gewerbekunde,75,45.963333333,1.833838889,-6082.8,123.458854167,801.6557,343.5786,1145.2173
2026-04-10,South,Kleingewerbe,212,45.757861635,1.899058569,-17421.2,123.458854167,2300.0266,985.7649,3285.756
2026-04-10,South,Privatkunde,835,45.791067864,1.859933633,-67892,123.458854167,8973.8636,3846.0711,12819.753
2026-04-10,West,Gewerbekunde,79,45.791139241,1.840100211,-6537.6,123.458854167,858.2667,367.8435,1226.0943
2026-04-10,West,Kleingewerbe,214,45.795950156,1.852760903,-17096.4,123.458854167,2279.3684,976.9028,3256.2229
2026-04-10,West,Privatkunde,905,45.914502762,1.868430939,-72301.6,123.458854167,9632.0951,4128.1933,13760.0966
2026-04-11,East,Gewerbekunde,44,69.869318182,1.849232955,8067.6,42.1740625,64.7775,27.7604,92.5414
2026-04-11,East,Kleingewerbe,151,70.082505519,1.821034768,28558.8,42.1740625,179.8779,77.0818,256.9692
2026-04-11,East,Privatkunde,613,69.971859706,1.85317292,114973.6,42.1740625,754.4438,323.3386,1077.7727
2026-04-11,North,Gewerbekunde,67,69.847014925,1.89318408,12698,42.1740625,74.9216,32.1089,107.0273
2026-04-11,North,Kleingewerbe,161,69.931418219,1.853649068,30247.2,42.1740625,202.2055,86.6557,288.8504
2026-04-11,North,Privatkunde,686,69.791362974,1.859075559,129259.6,42.1740625,811.5783,347.8062,1159.3803
2026-04-11,South,Gewerbekunde,75,69.857777778,1.800905556,13952.4,42.1740625,104.8566,44.9354,149.7946
2026-04-11,South,Kleingewerbe,212,70.088246855,1.874131289,39644.8,42.1740625,266.6124,114.2605,380.8749
2026-04-11,South,Privatkunde,835,69.91761477,1.864772455,156759.2,42.1740625,1028.2633,440.6765,1468.9292
2026-04-11,West,Gewerbekunde,79,69.962025316,1.844303797,14805.6,42.1740625,93.5051,40.0772,133.5823
2026-04-11,West,Kleingewerbe,214,69.942951713,1.875936526,40386.4,42.1740625,259.1848,111.0837,370.2637
2026-04-11,West,Privatkunde,905,69.966436464,1.844732505,170372,42.1740625,1096.3467,469.8611,1566.1689
2026-04-12,East,Gewerbekunde,44,58.285984848,1.814753788,2509.2,82.9490625,130.5134,55.94,186.4431
2026-04-12,East,Kleingewerbe,151,58.375827815,1.831801876,8947.2,82.9490625,418.8992,179.5505,598.4195
2026-04-12,East,Privatkunde,613,58.419725394,1.87651373,37228.4,82.9490625,1652.5763,708.3361,2360.8143
2026-04-12,North,Gewerbekunde,67,58.84141791,1.889583333,3991.2,82.9490625,190.9858,81.8598,272.8344
2026-04-12,North,Kleingewerbe,161,58.56547619,1.860478778,9725.2,82.9490625,439.0875,188.2102,627.2699
2026-04-12,North,Privatkunde,686,58.41952138,1.864942906,41604,82.9490625,1855.8498,795.4679,2651.1902
2026-04-12,South,Gewerbekunde,75,58.513888889,1.887972222,4620.4,82.9490625,203.2099,87.0995,290.298
2026-04-12,South,Kleingewerbe,212,58.582154088,1.869663915,12933.2,82.9490625,568.9791,243.8855,812.8242
2026-04-12,South,Privatkunde,835,58.433882236,1.855159681,50902.4,82.9490625,2213.6094,948.8213,3162.287
2026-04-12,West,Gewerbekunde,79,58.767932489,1.86375,4682.4,82.9490625,224.9194,96.4118,321.3147
2026-04-12,West,Kleingewerbe,214,58.292250779,1.835029206,12551.6,82.9490625,605.3892,259.4903,864.8437
2026-04-12,West,Privatkunde,905,58.417955801,1.866140884,53510,82.9490625,2547.9003,1092.1025,3639.8531
2026-04-13,East,Gewerbekunde,44,43.363636364,1.847765152,-4652.4,127.443229167,516.9353,221.5501,738.4728
2026-04-13,East,Kleingewerbe,151,43.244757174,1.861269316,-16925.6,127.443229167,1860.8732,797.5349,2658.3644
2026-04-13,East,Privatkunde,613,43.010671561,1.884647227,-67586.8,127.443229167,7417.0644,3178.7923,10595.7281
2026-04-13,North,Gewerbekunde,67,43.437810945,1.859894279,-7534.4,127.443229167,826.4702,354.2082,1180.6627
2026-04-13,North,Kleingewerbe,161,43.287784679,1.86427795,-17288.8,127.443229167,1910.6366,818.8683,2729.468
2026-04-13,North,Privatkunde,686,43.164662293,1.84566448,-76191.2,127.443229167,8358.9991,3582.4941,11941.3434
2026-04-13,South,Gewerbekunde,75,43.026111111,1.881016667,-8496.4,127.443229167,929.5095,398.3693,1327.862
2026-04-13,South,Kleingewerbe,212,43.238600629,1.812659198,-23918,127.443229167,2616.0847,1121.1936,3737.2375
2026-04-13,South,Privatkunde,835,43.19500998,1.865897206,-92539.2,127.443229167,10131.2496,4342.0408,14473.0767
2026-04-13,West,Gewerbekunde,79,43.286919831,1.889077004,-8595.6,127.443229167,949.684,407.0142,1356.6808
2026-04-13,West,Kleingewerbe,214,43.14038162,1.843658489,-23797.6,127.443229167,2612.0628,1119.4736,3731.4867
2026-04-13,West,Privatkunde,905,43.163581952,1.872553407,-100367.6,127.443229167,11003.8175,4716.0079,15719.6398
2026-04-14,East,Gewerbekunde,44,40.723484848,1.853996212,-6228.8,138.434479167,738.1436,316.3469,1054.4864
2026-04-14,East,Kleingewerbe,151,40.318708609,1.878267108,-21090.8,138.434479167,2500.4942,1071.6483,3572.1349
2026-04-14,East,Privatkunde,613,40.527052746,1.869967374,-86696.8,138.434479167,10281.3412,4406.3034,14687.6036
2026-04-14,North,Gewerbekunde,67,40.133084577,1.873743781,-9740.4,138.434479167,1153.6509,494.421,1648.0753
2026-04-14,North,Kleingewerbe,161,40.805900621,1.849875776,-22842.8,138.434479167,2710.2776,1161.5529,3871.8146
2026-04-14,North,Privatkunde,686,40.505648688,1.849767371,-98067.6,138.434479167,11635.9412,4986.8365,16622.7718
2026-04-14,South,Gewerbekunde,75,40.456111111,1.8093,-10392.4,138.434479167,1239.3696,531.1582,1770.522
2026-04-14,South,Kleingewerbe,212,40.717767296,1.844031053,-30156.4,138.434479167,3572.7006,1531.1468,5103.8454
2026-04-14,South,Privatkunde,835,40.507784431,1.869472555,-117469.2,138.434479167,13970.9233,5987.543,19958.4037
2026-04-14,West,Gewerbekunde,79,40.650316456,1.873132911,-11380.8,138.434479167,1347.0355,577.297,1924.3269
2026-04-14,West,Kleingewerbe,214,40.621495327,1.838732477,-29848,138.434479167,3552.8413,1522.646,5075.4789
2026-04-14,West,Privatkunde,905,40.577302026,1.852689227,-127477.2,138.434479167,15127.467,6483.1953,21610.6356
2026-04-15,East,Gewerbekunde,44,48.079545455,1.853731061,-2766.8,116.261875,428.0307,183.449,611.4702
2026-04-15,East,Kleingewerbe,151,47.807671082,1.856225166,-9039.6,116.261875,1425.2465,610.8326,2036.045
2026-04-15,East,Privatkunde,613,47.74211528,1.864669657,-36771.2,116.261875,5814.1053,2491.8068,8305.8074
2026-04-15,North,Gewerbekunde,67,48.060945274,1.867245025,-3871.6,116.261875,622.3159,266.7122,889.0127
2026-04-15,North,Kleingewerbe,161,47.54684265,1.883540373,-9459.2,116.261875,1517.3738,650.3222,2167.6658
2026-04-15,North,Privatkunde,686,47.83776725,1.858644315,-41438,116.261875,6544.0951,2804.6835,9348.6548
2026-04-15,South,Gewerbekunde,75,47.558333333,1.857594444,-4210.4,116.261875,690.7871,296.0592,986.8338
2026-04-15,South,Kleingewerbe,212,47.756485849,1.863040487,-12580.8,116.261875,2007.5601,860.4047,2867.9253
2026-04-15,South,Privatkunde,835,47.73992016,1.862958084,-50521.2,116.261875,7981.0066,3420.5205,11401.3629
2026-04-15,West,Gewerbekunde,79,47.731540084,1.843117089,-4862.4,116.261875,750.2926,321.5609,1071.8433
2026-04-15,West,Kleingewerbe,214,47.732281931,1.87831581,-12656,116.261875,2019.9223,865.7039,2885.5867
2026-04-15,West,Privatkunde,905,47.664180479,1.873015193,-53830.8,116.261875,8537.2963,3658.9301,12196.0497
2026-04-16,East,Gewerbekunde,44,48.016098485,1.855757576,-2615.2,111.9196875,414.8281,177.7877,592.6163
2026-04-16,East,Kleingewerbe,151,47.642384106,1.823429912,-9192,111.9196875,1428.1392,612.0775,2040.2221
2026-04-16,East,Privatkunde,613,47.662792278,1.864407287,-35977.2,111.9196875,5670.6226,2430.3428,8100.9275
2026-04-16,North,Gewerbekunde,67,47.618781095,1.847966418,-3892,111.9196875,618.1239,264.9165,883.0379
2026-04-16,North,Kleingewerbe,161,47.453416149,1.860188923,-9479.6,111.9196875,1486.5203,637.1054,2123.6097
2026-04-16,North,Privatkunde,686,47.754433916,1.881562804,-40491.2,111.9196875,6367.8293,2729.1437,9096.932
2026-04-16,South,Gewerbekunde,75,47.715,1.840672222,-4276,111.9196875,681.8989,292.2476,974.1459
2026-04-16,South,Kleingewerbe,212,47.632272013,1.880461871,-12628.4,111.9196875,1960.7516,840.3413,2801.0815
2026-04-16,South,Privatkunde,835,47.748153693,1.863937625,-50351.2,111.9196875,7851.2052,3364.8843,11216.0454
2026-04-16,West,Gewerbekunde,79,47.632911392,1.851097046,-4334.8,111.9196875,702.2123,300.9536,1003.1639
2026-04-16,West,Kleingewerbe,214,47.610202492,1.882044393,-12671.2,111.9196875,1984.1667,850.3812,2834.5435
2026-04-16,West,Privatkunde,905,47.653130755,1.860211326,-54053.2,111.9196875,8437.5853,3616.2108,12053.7513
2026-04-17,East,Gewerbekunde,44,53.841856061,1.858323864,371.2,104.2253125,191.5149,82.0819,273.5846
2026-04-17,East,Kleingewerbe,151,53.755518764,1.816261038,1608,104.2253125,644.3662,276.1681,920.4984
2026-04-17,East,Privatkunde,613,53.905995106,1.870284802,4939.6,104.2253125,2725.9,1168.3008,3894.0627
2026-04-17,North,Gewerbekunde,67,54.060323383,1.91266791,567.6,104.2253125,295.4821,126.6401,422.1095
2026-04-17,North,Kleingewerbe,161,53.934782609,1.881438923,1500.4,104.2253125,705.8019,302.5012,1008.2589
2026-04-17,North,Privatkunde,686,53.905430029,1.862871113,6316.4,104.2253125,2970.5167,1273.1317,4243.5051
2026-04-17,South,Gewerbekunde,75,53.652222222,1.873133333,590.8,104.2253125,338.5692,145.11,483.6573
2026-04-17,South,Kleingewerbe,212,53.884630503,1.867266116,2472,104.2253125,883.4812,378.6498,1262.0818
2026-04-17,South,Privatkunde,835,53.975349301,1.863047904,7220.4,104.2253125,3647.9424,1563.4567,5211.199
2026-04-17,West,Gewerbekunde,79,53.904535865,1.852136076,422,104.2253125,361.2178,154.8104,516.0201
2026-04-17,West,Kleingewerbe,214,53.777258567,1.870580218,1957.2,104.2253125,922.487,395.3677,1317.8119
2026-04-17,West,Privatkunde,905,53.693278085,1.856133978,7999.6,104.2253125,3960.4338,1697.3989,5657.6241
2026-04-18,East,Gewerbekunde,44,59.981060606,1.905227273,3300,84.561666667,91.6142,39.268,130.8818
2026-04-18,East,Kleingewerbe,151,59.82312362,1.861995033,11624,84.561666667,308.1246,132.061,440.1888
2026-04-18,East,Privatkunde,613,59.708265362,1.857680805,45764.4,84.561666667,1328.758,569.5028,1898.2784
2026-04-18,North,Gewerbekunde,67,59.669154229,1.84068408,5096.4,84.561666667,136.6236,58.558,195.1849
2026-04-18,North,Kleingewerbe,161,59.893115942,1.842153209,12282.4,84.561666667,331.7136,142.1667,473.8877
2026-04-18,North,Privatkunde,686,59.663265306,1.84213982,50378.8,84.561666667,1541.899,660.8554,2202.7663
2026-04-18,South,Gewerbekunde,75,59.518888889,1.876027778,5741.6,84.561666667,155.8222,66.7873,222.6089
2026-04-18,South,Kleingewerbe,212,59.85043239,1.862897013,15858,84.561666667,445.4326,190.9079,636.3469
2026-04-18,South,Privatkunde,835,59.653592814,1.856472056,62795.2,84.561666667,1775.6159,761.0327,2536.6666
2026-04-18,West,Gewerbekunde,79,59.862341772,1.843343882,5786.4,84.561666667,180.708,77.4488,258.1544
2026-04-18,West,Kleingewerbe,214,59.722157321,1.85915109,15758,84.561666667,482.1938,206.6635,688.8564
2026-04-18,West,Privatkunde,905,59.867633517,1.861841621,67149.6,84.561666667,1972.1495,845.2566,2817.404
2026-04-19,East,Gewerbekunde,44,62.742424242,1.891467803,4931.2,80.018229167,-83.3505,-35.7258,-119.0695
2026-04-19,East,Kleingewerbe,151,62.722406181,1.880085541,16156.8,80.018229167,-255.6564,-109.5772,-365.2167
2026-04-19,East,Privatkunde,613,62.514342034,1.863213703,66233.2,80.018229167,-1039.5952,-445.5879,-1485.131
2026-04-19,North,Gewerbekunde,67,62.5789801,1.900746269,7306.8,80.018229167,-123.7623,-53.0461,-176.8022
2026-04-19,North,Kleingewerbe,161,62.634575569,1.869174431,17371.6,80.018229167,-275.2029,-117.9566,-393.1467
2026-04-19,North,Privatkunde,686,62.616192906,1.864871842,73831.2,80.018229167,-1169.4077,-501.2339,-1670.5801
2026-04-19,South,Gewerbekunde,75,62.847222222,1.842288889,8402,80.018229167,-147.58,-63.2463,-210.8218
2026-04-19,South,Kleingewerbe,212,62.43081761,1.834903695,22550,80.018229167,-340.324,-145.8622,-486.1762
2026-04-19,South,Privatkunde,835,62.647704591,1.862848303,90788.8,80.018229167,-1478.8628,-633.8629,-2112.683
2026-04-19,West,Gewerbekunde,79,62.687236287,1.858570675,8704.8,80.018229167,-146.9063,-62.9671,-209.8603
2026-04-19,West,Kleingewerbe,214,62.90771028,1.870482866,23073.6,80.018229167,-353.4087,-151.4677,-504.865
2026-04-19,West,Privatkunde,905,62.550552486,1.855834254,97378.8,80.018229167,-1532.7088,-656.9394,-2189.5886
2026-04-20,East,Gewerbekunde,44,57.104166667,1.890047348,1819.6,97.300208333,-2.416,-1.0342,-3.4514
2026-04-20,East,Kleingewerbe,151,56.505518764,1.887152318,6618.8,97.300208333,-30.2632,-12.9538,-43.254
2026-04-20,East,Privatkunde,613,56.730220228,1.857372213,25972.8,97.300208333,-66.3204,-28.4007,-94.7985
2026-04-20,North,Gewerbekunde,67,56.629975124,1.818787313,2990,97.300208333,-16.1168,-6.9043,-23.0295
2026-04-20,North,Kleingewerbe,161,56.527691511,1.843605072,6756.8,97.300208333,-16.9051,-7.2352,-24.1598
2026-04-20,North,Privatkunde,686,56.70632896,1.874475826,29142.4,97.300208333,-82.9743,-35.5332,-118.5887
2026-04-20,South,Gewerbekunde,75,56.801111111,1.870544444,3091.6,97.300208333,-4.3499,-1.8635,-6.2217
2026-04-20,South,Kleingewerbe,212,56.638954403,1.857340802,8986,97.300208333,-22.175,-9.5002,-31.7101
2026-04-20,South,Privatkunde,835,56.725848303,1.873894711,35666.4,97.300208333,-98.1916,-42.0537,-140.374
2026-04-20,West,Gewerbekunde,79,56.607067511,1.815617089,3099.6,97.300208333,5.9076,2.5372,8.432
2026-04-20,West,Kleingewerbe,214,56.743574766,1.88166472,8711.2,97.300208333,6.3219,2.7096,9.0002
2026-04-20,West,Privatkunde,905,56.795718232,1.876970994,37353.6,97.300208333,-18.7418,-7.9859,-26.8485
2026-04-21,East,Gewerbekunde,44,59.796401515,1.8840625,3519.6,83.136354167,95.0404,40.7351,135.769
2026-04-21,East,Kleingewerbe,151,59.94205298,1.829169426,11828,83.136354167,347.2334,148.8144,496.0337
2026-04-21,East,Privatkunde,613,60.148178358,1.840774878,48235.2,83.136354167,1388.4546,595.0265,1983.4355
2026-04-21,North,Gewerbekunde,67,60.154850746,1.841144279,5244.4,83.136354167,152.9916,65.563,218.5502
2026-04-21,North,Kleingewerbe,161,60.201863354,1.907575052,12817.6,83.136354167,358.6135,153.6893,512.2869
2026-04-21,North,Privatkunde,686,60.080235666,1.865555758,54326.4,83.136354167,1514.5194,649.0444,2163.5173
2026-04-21,South,Gewerbekunde,75,60.176111111,1.869505556,5948.4,83.136354167,170.0315,72.8714,242.8908
2026-04-21,South,Kleingewerbe,212,60.293828616,1.870886399,16891.6,83.136354167,471.9276,202.2433,674.165
2026-04-21,South,Privatkunde,835,60.175598802,1.847224052,66470.8,83.136354167,1869.2476,801.0882,2670.2792
2026-04-21,West,Gewerbekunde,79,60.033227848,1.871350211,6532.8,83.136354167,162.9397,69.8314,232.7659
2026-04-21,West,Kleingewerbe,214,59.996495327,1.880969626,17068.8,83.136354167,465.8238,199.6356,665.4529
2026-04-21,West,Privatkunde,905,60.130110497,1.850167127,71381.2,83.136354167,2028.3236,869.2549,2897.5037
2026-04-22,East,Gewerbekunde,44,60.609848485,1.874744318,3750.4,78.106354167,197.8897,84.8095,282.6976
2026-04-22,East,Kleingewerbe,151,60.78807947,1.862505519,12666.4,78.106354167,699.9845,299.9943,999.9709
2026-04-22,East,Privatkunde,613,60.82374932,1.872701196,51436.8,78.106354167,2860.8048,1226.0801,4086.8582
2026-04-22,North,Gewerbekunde,67,60.907338308,1.917699005,5637.6,78.106354167,308.676,132.2893,440.9611
2026-04-22,North,Kleingewerbe,161,60.526656315,1.885504658,13462.8,78.106354167,746.4842,319.9214,1066.3983
2026-04-22,North,Privatkunde,686,60.725947522,1.868890306,59107.2,78.106354167,3064.0279,1313.1783,4377.1647
2026-04-22,South,Gewerbekunde,75,60.78,1.836166667,6608.8,78.106354167,327.5406,140.3761,467.9215
2026-04-22,South,Kleingewerbe,212,60.58490566,1.866077044,17610,78.106354167,996.2351,426.9636,1423.192
2026-04-22,South,Privatkunde,835,60.626297405,1.843196108,71216.8,78.106354167,3779.6119,1619.8539,5399.4126
2026-04-22,West,Gewerbekunde,79,60.687763713,1.903649789,6525.6,78.106354167,376.5956,161.4049,537.994
2026-04-22,West,Kleingewerbe,214,60.689252336,1.84303933,18283.6,78.106354167,965.1192,413.6299,1378.736
2026-04-22,West,Privatkunde,905,60.668093923,1.843911142,76726,78.106354167,4178.728,1790.8985,5969.576
2026-04-23,East,Gewerbekunde,44,66.130681818,1.92313447,6374,64.413125,66.3227,28.4227,94.7461
2026-04-23,East,Kleingewerbe,151,66.026766004,1.875797461,21710.8,64.413125,223.3264,95.7092,319.0422
2026-04-23,East,Privatkunde,613,66.14906199,1.857156743,89013.2,64.413125,860.8675,368.9384,1229.8126
2026-04-23,North,Gewerbekunde,67,66.016169154,1.79034204,9805.2,64.413125,83.5066,35.7912,119.2996
2026-04-23,North,Kleingewerbe,161,66.229296066,1.869940476,23288,64.413125,234.9531,100.6891,335.655
2026-04-23,North,Privatkunde,686,66.053875121,1.870207119,100420.4,64.413125,905.1539,387.9264,1293.0942
2026-04-23,South,Gewerbekunde,75,65.943888889,1.867261111,10806,64.413125,110.273,47.261,157.5353
2026-04-23,South,Kleingewerbe,212,66.037342767,1.891112421,30970.4,64.413125,281.5761,120.6782,402.2653
2026-04-23,South,Privatkunde,835,66.092315369,1.860350299,120612.4,64.413125,1220.0085,522.8698,1742.9162
2026-04-23,West,Gewerbekunde,79,66.037447257,1.844947257,11304.8,64.413125,122.614,52.5492,175.1578
2026-04-23,West,Kleingewerbe,214,65.93652648,1.837708333,31040.8,64.413125,302.3871,129.5977,431.9962
2026-04-23,West,Privatkunde,905,66.095349908,1.873365562,130996,64.413125,1274.5705,546.2376,1820.8378
2026-04-24,East,Gewerbekunde,44,59.34280303,1.81874053,2918,75.842395833,276.379,118.4463,394.8296
2026-04-24,East,Kleingewerbe,151,59.309326711,1.837028146,10516.8,75.842395833,911,390.4416,1301.4467
2026-04-24,East,Privatkunde,613,59.373912452,1.855142741,42645.6,75.842395833,3722.7217,1595.5167,5318.2465
2026-04-24,North,Gewerbekunde,67,59.486318408,1.859048507,4327.2,75.842395833,430.8571,184.6594,615.511
2026-04-24,North,Kleingewerbe,161,59.37189441,1.858504141,11123.2,75.842395833,970.8512,416.1004,1386.942
2026-04-24,North,Privatkunde,686,59.32276482,1.875181608,48301.2,75.842395833,4113.9876,1763.2036,5877.1933
2026-04-24,South,Gewerbekunde,75,59.741111111,1.884177778,5135.2,75.842395833,459.8958,197.1075,657.0046
2026-04-24,South,Kleingewerbe,212,59.344339623,1.87583923,14279.6,75.842395833,1320.4582,565.9246,1886.3831
2026-04-24,South,Privatkunde,835,59.327644711,1.869219561,57090.8,75.842395833,5124.495,2196.2829,7320.7991
2026-04-24,West,Gewerbekunde,79,59.616561181,1.837025316,5606.8,75.842395833,469.5776,201.2583,670.8343
2026-04-24,West,Kleingewerbe,214,59.391549844,1.837373442,14929.2,75.842395833,1304.3963,559.0505,1863.4468
2026-04-24,West,Privatkunde,905,59.310267035,1.861178637,61904,75.842395833,5582.7831,2392.7077,7975.5048
2026-04-25,East,Gewerbekunde,44,71.216856061,1.872537879,8896.8,14.7490625,308.2522,132.1097,440.3663
2026-04-25,East,Kleingewerbe,151,71.390728477,1.863148455,30829.2,14.7490625,1043.0998,447.0417,1490.1674
2026-04-25,East,Privatkunde,613,71.289151713,1.859739668,125638,14.7490625,4221.5266,1809.2265,6030.828
2026-04-25,North,Gewerbekunde,67,71.520522388,1.859776119,13539.2,14.7490625,464.2207,198.951,663.1827
2026-04-25,North,Kleingewerbe,161,71.349120083,1.851982402,32635.2,14.7490625,1128.4759,483.6363,1612.1316
2026-04-25,North,Privatkunde,686,71.416848882,1.854084062,140552,14.7490625,4752.3612,2036.7161,6789.1635
2026-04-25,South,Gewerbekunde,75,71.543888889,1.878511111,15280.8,14.7490625,522.8227,224.0652,746.899
2026-04-25,South,Kleingewerbe,212,71.405267296,1.854025157,43235.2,14.7490625,1470.056,630.016,2100.1002
2026-04-25,South,Privatkunde,835,71.304291417,1.869347804,170196.8,14.7490625,5799.9411,2485.6823,8285.7439
2026-04-25,West,Gewerbekunde,79,71.569092827,1.892051688,16010.4,14.7490625,554.9701,237.8425,792.8268
2026-04-25,West,Kleingewerbe,214,71.25097352,1.851647196,43618.4,14.7490625,1475.7748,632.4764,2108.2903
2026-04-25,West,Privatkunde,905,71.365699816,1.863200276,184725.6,14.7490625,6253.8304,2680.1827,8934.1626
2026-04-26,East,Gewerbekunde,44,65.215909091,1.845426136,5970.4,5.836979167,918.125,393.4923,1311.6154
2026-04-26,East,Kleingewerbe,151,64.804083885,1.869183223,19509.2,5.836979167,3193.743,1368.7668,4562.507
2026-04-26,East,Privatkunde,613,64.888186514,1.862450381,80251.2,5.836979167,12938.6786,5545.2506,18483.9216
2026-04-26,North,Gewerbekunde,67,64.69340796,1.926871891,8931.6,5.836979167,1405.6064,602.4172,2008.0258
2026-04-26,North,Kleingewerbe,161,64.877329193,1.873338509,20780.8,5.836979167,3395.4213,1455.2097,4850.6255
2026-04-26,North,Privatkunde,686,64.90840622,1.875074101,89325.2,5.836979167,14465.1652,6199.4909,20664.6392
2026-04-26,South,Gewerbekunde,75,65.076111111,1.874822222,9879.2,5.836979167,1570.4357,673.0558,2243.4874
2026-04-26,South,Kleingewerbe,212,64.96206761,1.882916667,27809.2,5.836979167,4440.3589,1903.0486,6343.4165
2026-04-26,South,Privatkunde,835,64.829690619,1.857887226,109898.4,5.836979167,17482.0502,7492.4431,24974.4713
2026-04-26,West,Gewerbekunde,79,64.811708861,1.847336498,10368.4,5.836979167,1663.695,713.0264,2376.717
2026-04-26,West,Kleingewerbe,214,65.021028037,1.866020249,28478,5.836979167,4460.8316,1911.8255,6372.6592
2026-04-26,West,Privatkunde,905,64.820994475,1.867498619,117662,5.836979167,19118.6307,8193.865,27312.4604
2026-04-27,East,Gewerbekunde,44,55.880681818,1.929166667,1554,97.8584375,278.0482,119.1635,397.2142
2026-04-27,East,Kleingewerbe,151,56.104856512,1.892105408,4649.6,97.8584375,1011.8927,433.6806,1445.5698
2026-04-27,East,Privatkunde,613,56.045812942,1.878656879,19999.6,97.8584375,4006.0717,1716.9117,5722.9889
2026-04-27,North,Gewerbekunde,67,56.246890547,1.824539801,2061.2,97.8584375,442.944,189.8409,632.7764
2026-04-27,North,Kleingewerbe,161,56.120082816,1.893310041,5440.4,97.8584375,1035.7834,443.9125,1479.692
2026-04-27,North,Privatkunde,686,56.073736638,1.857630588,22433.2,97.8584375,4449.8944,1907.1224,6357.0138
2026-04-27,South,Gewerbekunde,75,56.045555556,1.843483333,2833.6,97.8584375,458.9361,196.6873,655.6263
2026-04-27,South,Kleingewerbe,212,55.875196541,1.823280267,7093.2,97.8584375,1367.9762,586.2813,1954.2531
2026-04-27,South,Privatkunde,835,56.132285429,1.861432635,27728.8,97.8584375,5414.0829,2320.3614,7734.458
2026-04-27,West,Gewerbekunde,79,56.200421941,1.866993671,2673.6,97.8584375,501.8761,215.0923,716.9651
2026-04-27,West,Kleingewerbe,214,56.055490654,1.867470794,7278.8,97.8584375,1373.448,588.627,1962.076
2026-04-27,West,Privatkunde,905,56.07412523,1.856510129,30082.8,97.8584375,5859.9277,2511.4267,8371.3797
2026-04-28,East,Gewerbekunde,44,65.959280303,1.886657197,6578,69.618854167,-36.2004,-15.5134,-51.7109
2026-04-28,East,Kleingewerbe,151,65.978476821,1.808681015,21473.6,69.618854167,-71.0681,-30.4501,-101.5203
2026-04-28,East,Privatkunde,613,65.918705818,1.859607803,87458.8,69.618854167,-270.7956,-116.0247,-386.841
2026-04-28,North,Gewerbekunde,67,66.188432836,1.905024876,9757.6,69.618854167,-42.1898,-18.0785,-60.2627
2026-04-28,North,Kleingewerbe,161,65.9686853,1.895450311,23272.4,69.618854167,-96.4605,-41.3371,-137.8015
2026-04-28,North,Privatkunde,686,65.89984208,1.86346878,98951.2,69.618854167,-400.0329,-171.4253,-571.4658
2026-04-28,South,Gewerbekunde,75,65.784444444,1.926244444,10885.2,69.618854167,-52.9144,-22.6759,-75.5854
2026-04-28,South,Kleingewerbe,212,65.825668239,1.886645047,30261.2,69.618854167,-97.0627,-41.591,-138.6516
2026-04-28,South,Privatkunde,835,65.838173653,1.853861277,120140.4,69.618854167,-482.5111,-206.7624,-689.2848
2026-04-28,West,Gewerbekunde,79,65.943037975,1.854530591,11377.2,69.618854167,-44.4771,-19.0614,-63.5344
2026-04-28,West,Kleingewerbe,214,65.763045171,1.868670171,30582.8,69.618854167,-108.7373,-46.5991,-155.3356
2026-04-28,West,Privatkunde,905,65.968830571,1.870381215,130775.2,69.618854167,-549.4238,-235.4229,-784.8823
2026-04-29,East,Gewerbekunde,44,64.609848485,1.875198864,5710,65.586770833,159.5288,68.3699,227.9001
2026-04-29,East,Kleingewerbe,151,64.818984547,1.889122517,19539.2,65.586770833,537.3397,230.298,767.6461
2026-04-29,East,Privatkunde,613,64.817699837,1.85555261,79375.2,65.586770833,2187.1029,937.3649,3124.5221
2026-04-29,North,Gewerbekunde,67,64.549129353,1.892064677,8968.8,65.586770833,217.9012,93.386,311.2984
2026-04-29,North,Kleingewerbe,161,64.623964803,1.832644928,20919.2,65.586770833,571.9192,245.1161,817.0401
2026-04-29,North,Privatkunde,686,64.74914966,1.837348761,88860.4,65.586770833,2433.1697,1042.8201,3476.0409
2026-04-29,South,Gewerbekunde,75,64.925555556,1.859155556,9811.2,65.586770833,261.3386,112.0042,373.3503
2026-04-29,South,Kleingewerbe,212,64.848663522,1.873091588,27400.8,65.586770833,759.2764,325.4064,1084.7047
2026-04-29,South,Privatkunde,835,64.660878244,1.854507984,108357.2,65.586770833,2969.2844,1272.6169,4241.9536
2026-04-29,West,Gewerbekunde,79,64.699367089,1.872220464,9968.8,65.586770833,302.7559,129.7564,432.5168
2026-04-29,West,Kleingewerbe,214,64.62694704,1.857194315,27781.6,65.586770833,763.7292,327.3239,1091.0632
2026-04-29,West,Privatkunde,905,64.727209945,1.864069982,117163.6,65.586770833,3210.1313,1375.8162,4586.0137
2026-04-30,East,Gewerbekunde,44,61.868371212,1.869886364,4206,72.473229167,260.9282,111.8313,372.7651
2026-04-30,East,Kleingewerbe,151,62.031456954,1.843289183,14974.8,72.473229167,845.4511,362.3557,1207.8112
2026-04-30,East,Privatkunde,613,62.099034802,1.848086596,61537.6,72.473229167,3437.8011,1473.4226,4911.2428
2026-04-30,North,Gewerbekunde,67,61.929104478,1.796654229,6828.8,72.473229167,363.2329,155.6786,518.9138
2026-04-30,North,Kleingewerbe,161,62.197981366,1.846653727,15834,72.473229167,929.8364,398.5272,1328.3715
2026-04-30,North,Privatkunde,686,62.113398931,1.866277332,69235.2,72.473229167,3814.563,1634.9032,5449.489
2026-04-30,South,Gewerbekunde,75,62.230555556,1.886011111,7671.2,72.473229167,409.3086,175.4291,584.7391
2026-04-30,South,Kleingewerbe,212,62.135613208,1.856324686,21866.8,72.473229167,1142.8892,489.8313,1632.721
2026-04-30,South,Privatkunde,835,62.131487026,1.855679142,83965.2,72.473229167,4678.8476,2005.3272,6684.2038
2026-04-30,West,Gewerbekunde,79,62.094936709,1.825870253,7687.2,72.473229167,459.304,196.8569,656.1582
2026-04-30,West,Kleingewerbe,214,62.127336449,1.836919782,21361.2,72.473229167,1220.8395,523.247,1744.1014
2026-04-30,West,Privatkunde,905,62.130156538,1.867191989,90642.4,72.473229167,5099.5418,2185.6505,7285.2271
2026-05-01,East,Gewerbekunde,44,65.034090909,1.889232955,5652.4,-1.6275,1026.295,439.8454,1466.1277
2026-05-01,East,Kleingewerbe,151,64.977649007,1.862737307,19892.8,-1.6275,3488.9028,1495.2613,4984.1419
2026-05-01,East,Privatkunde,613,64.849918434,1.876175231,79532.4,-1.6275,14249.1981,6106.8667,20355.9426
2026-05-01,North,Gewerbekunde,67,64.791044776,1.861965174,8886.4,-1.6275,1540.1047,660.0551,2200.1403
2026-05-01,North,Kleingewerbe,161,64.747412008,1.853964803,21245.2,-1.6275,3714.1654,1591.7977,5305.928
2026-05-01,North,Privatkunde,686,64.893707483,1.868163265,89230,-1.6275,15980.6179,6848.9002,22829.3824
2026-05-01,South,Gewerbekunde,75,64.848333333,1.82495,9973.2,-1.6275,1743.2822,747.1282,2490.3938
2026-05-01,South,Kleingewerbe,212,64.888561321,1.85886989,27936.8,-1.6275,4894.3307,2097.5895,6991.8737
2026-05-01,South,Privatkunde,835,64.90249501,1.858913174,109213.2,-1.6275,19307.6768,8274.8124,27582.3226
2026-05-01,West,Gewerbekunde,79,64.977320675,1.89410865,10342.8,-1.6275,1812.0989,776.6216,2588.7018
2026-05-01,West,Kleingewerbe,214,64.855140187,1.86967095,28386.8,-1.6275,4954.7472,2123.4928,7078.201
2026-05-01,West,Privatkunde,905,64.864088398,1.865959484,118771.6,-1.6275,20939.9995,8974.3686,29914.2123
2026-05-02,East,Gewerbekunde,44,62.828598485,1.879810606,4664,59.521354167,416.3333,178.4388,594.7725
2026-05-02,East,Kleingewerbe,151,62.830022075,1.826683223,16706.8,59.521354167,1336.102,572.6515,1908.7373
2026-05-02,East,Privatkunde,613,62.808727569,1.856977297,66177.2,59.521354167,5580.0839,2391.6168,7971.61
2026-05-02,North,Gewerbekunde,67,62.708955224,1.876038557,7448.4,59.521354167,596.3113,255.5722,851.8746
2026-05-02,North,Kleingewerbe,161,62.977743271,1.879039855,17114,59.521354167,1489.8464,638.5437,2128.3656
2026-05-02,North,Privatkunde,686,62.766520894,1.869523202,74328,59.521354167,6206.8781,2660.2515,8867.0319
2026-05-02,South,Gewerbekunde,75,62.703888889,1.889627778,8118,59.521354167,672.7447,288.3409,961.0761
2026-05-02,South,Kleingewerbe,212,62.752948113,1.879435928,23226.4,59.521354167,1895.7842,812.5253,2708.2781
2026-05-02,South,Privatkunde,835,62.849351297,1.859047405,91432.8,59.521354167,7453.1372,3194.3966,10647.4466
2026-05-02,West,Gewerbekunde,79,62.973101266,1.891155063,8282,59.521354167,728.2024,312.1073,1040.2988
2026-05-02,West,Kleingewerbe,214,62.761098131,1.87296729,23469.6,59.521354167,1918.3702,822.2055,2740.5472
2026-05-02,West,Privatkunde,905,62.806860037,1.867695672,96813.6,59.521354167,8248.2058,3535.1546,11783.2521
2026-05-03,East,Gewerbekunde,44,61.660037879,1.892367424,4141.6,74.494479167,143.8654,61.6547,205.5202
2026-05-03,East,Kleingewerbe,151,61.855960265,1.875855408,14580.8,74.494479167,461.0707,197.5974,658.6712
2026-05-03,East,Privatkunde,613,61.613036977,1.875572322,58023.6,74.494479167,1940.6551,831.6828,2772.3366
2026-05-03,North,Gewerbekunde,67,61.495646766,1.87699005,6479.6,74.494479167,202.6527,86.8484,289.4976
2026-05-03,North,Kleingewerbe,161,61.533126294,1.868791408,15310.8,74.494479167,497.581,213.2419,710.8238
2026-05-03,North,Privatkunde,686,61.660228377,1.853010811,65610,74.494479167,2092.7898,896.8848,2989.6702
2026-05-03,South,Gewerbekunde,75,61.321666667,1.858794444,6911.6,74.494479167,247.6549,106.1361,353.7919
2026-05-03,South,Kleingewerbe,212,61.515330189,1.880324292,20137.2,74.494479167,665.0045,284.9979,949.9909
2026-05-03,South,Privatkunde,835,61.553493014,1.854848303,78808.4,74.494479167,2685.2398,1150.8126,3836.002
2026-05-03,West,Gewerbekunde,79,61.577531646,1.848481013,7784,74.494479167,224.3517,96.1451,320.4928
2026-05-03,West,Kleingewerbe,214,61.570093458,1.875625,20044,74.494479167,691.1657,296.2005,987.3661
2026-05-03,West,Privatkunde,905,61.613213628,1.858804328,86604.8,74.494479167,2796.8561,1198.6245,3995.4583
2026-05-04,East,Gewerbekunde,44,41.668560606,1.7925,-5506.8,132.387708333,701.7789,300.7692,1002.5351
2026-05-04,East,Kleingewerbe,151,41.929359823,1.872091611,-18821.2,132.387708333,2384.1676,1021.8021,3405.9213
2026-05-04,East,Privatkunde,613,41.789083741,1.858516857,-76622,132.387708333,9713.7518,4163.1108,13876.6557
2026-05-04,North,Gewerbekunde,67,42.013681592,1.817643035,-8530.4,132.387708333,1077.8267,461.934,1539.7426
2026-05-04,North,Kleingewerbe,161,41.928830228,1.867963251,-20079.6,132.387708333,2548.7456,1092.3432,3641.0389
2026-05-04,North,Privatkunde,686,41.96659378,1.864432094,-85629.2,132.387708333,10863.019,4655.6629,15518.4435
2026-05-04,South,Gewerbekunde,75,41.753333333,1.849372222,-9480.8,132.387708333,1202.6453,515.4257,1718.0412
2026-05-04,South,Kleingewerbe,212,42.005110063,1.848970126,-26410.4,132.387708333,3356.799,1438.6592,4795.3887
2026-05-04,South,Privatkunde,835,41.768812375,1.862289421,-106062.8,132.387708333,13392.8657,5739.9102,19132.4879
2026-05-04,West,Gewerbekunde,79,41.772151899,1.823169831,-9888.4,132.387708333,1249.7341,535.6074,1785.3212
2026-05-04,West,Kleingewerbe,214,41.746300623,1.849805296,-26968,132.387708333,3411.7247,1462.1959,4873.847
2026-05-04,West,Privatkunde,905,41.955248619,1.856690608,-113794,132.387708333,14467.3291,6200.3948,20667.4216
2026-05-05,East,Gewerbekunde,44,43.465909091,1.875757576,-5021.6,127.759791667,542.6092,232.5517,775.1555
2026-05-05,East,Kleingewerbe,151,43.112030905,1.862806291,-16868.4,127.759791667,1833.3444,785.7267,2619.0591
2026-05-05,East,Privatkunde,613,43.131933116,1.864849103,-67879.6,127.759791667,7382.6524,3164.033,10546.6813
2026-05-05,North,Gewerbekunde,67,42.907338308,1.861063433,-7295.2,127.759791667,797.4201,341.7533,1139.1781
2026-05-05,North,Kleingewerbe,161,43.199534161,1.866011905,-17824.8,127.759791667,1948.3636,835.0214,2783.3851
2026-05-05,North,Privatkunde,686,43.220724004,1.859675656,-76251.2,127.759791667,8295.0635,3555.0814,11850.1008
2026-05-05,South,Gewerbekunde,75,43.142222222,1.857922222,-8264,127.759791667,897.2014,384.5172,1281.7159
2026-05-05,South,Kleingewerbe,212,43.266902516,1.86348467,-23864,127.759791667,2594.8763,1112.1023,3706.9712
2026-05-05,South,Privatkunde,835,43.186976048,1.878960579,-93800.8,127.759791667,10198.9049,4371.0088,14569.8788
2026-05-05,West,Gewerbekunde,79,42.690400844,1.846492616,-8879.2,127.759791667,966.2442,414.108,1380.3545
2026-05-05,West,Kleingewerbe,214,43.280568536,1.835562695,-23559.2,127.759791667,2570.176,1101.5107,3671.6779
2026-05-05,West,Privatkunde,905,43.143416206,1.860478821,-100773.6,127.759791667,10973.9794,4703.1925,15677.136
2026-05-06,East,Gewerbekunde,44,44.84375,1.895842803,-4252,122.751770833,447.3754,191.7375,639.0976
2026-05-06,East,Kleingewerbe,151,44.41307947,1.86910596,-14744.4,122.751770833,1549.8649,664.241,2214.0519
2026-05-06,East,Privatkunde,613,44.545880914,1.867521071,-58362.8,122.751770833,6180.0895,2648.6703,8828.5646
2026-05-06,North,Gewerbekunde,67,44.316542289,1.866915423,-6409.2,122.751770833,674.7506,289.1854,963.9181
2026-05-06,North,Kleingewerbe,161,44.396480331,1.843377329,-15336,122.751770833,1619.4841,694.0738,2313.5068
2026-05-06,North,Privatkunde,686,44.467201166,1.858148688,-65801.6,122.751770833,6948.4837,2978.0036,9926.252
2026-05-06,South,Gewerbekunde,75,44.67,1.896838889,-6716,122.751770833,720.3718,308.7365,1029.0828
2026-05-06,South,Kleingewerbe,212,44.506092767,1.867376179,-20094.4,122.751770833,2130.9855,913.3031,3044.2217
2026-05-06,South,Privatkunde,835,44.633233533,1.859600798,-78511.6,122.751770833,8317.3341,3564.6716,11881.7299
2026-05-06,West,Gewerbekunde,79,44.179852321,1.881023207,-7518.4,122.751770833,789.4475,338.3451,1127.7667
2026-05-06,West,Kleingewerbe,214,44.481503115,1.846999611,-20930.8,122.751770833,2207.688,946.1765,3153.7917
2026-05-06,West,Privatkunde,905,44.482504604,1.861060773,-87360.8,122.751770833,9230.1958,3955.8954,13185.7861
2026-05-07,East,Gewerbekunde,44,40.869318182,1.887395833,-6212,136.417916667,718.2247,307.8122,1026.0277
2026-05-07,East,Kleingewerbe,151,40.676324503,1.843165011,-20762.8,136.417916667,2420.198,1037.2215,3457.3884
2026-05-07,East,Privatkunde,613,40.576468189,1.858656199,-87088.4,136.417916667,10117.4965,4336.0682,14453.4749
2026-05-07,North,Gewerbekunde,67,40.565298507,1.841063433,-9379.6,136.417916667,1095.4268,469.4696,1564.8837
2026-05-07,North,Kleingewerbe,161,40.69384058,1.866770186,-22452.8,136.417916667,2621.1165,1123.3376,3744.4248
2026-05-07,North,Privatkunde,686,40.595784742,1.863084913,-96159.6,136.417916667,11192.5872,4796.8277,15989.315
2026-05-07,South,Gewerbekunde,75,40.837777778,1.849911111,-10500.4,136.417916667,1218.855,522.3657,1741.2116
2026-05-07,South,Kleingewerbe,212,40.619103774,1.847553066,-29758.4,136.417916667,3471.8829,1487.9443,4959.7919
2026-05-07,South,Privatkunde,835,40.553193613,1.863071856,-117278.4,136.417916667,13620.5606,5837.3876,19457.8263
2026-05-07,West,Gewerbekunde,79,40.980485232,1.826545359,-11042.4,136.417916667,1285.7508,551.0369,1836.7763
2026-05-07,West,Kleingewerbe,214,40.60864486,1.852180685,-30073.2,136.417916667,3502.241,1500.9601,5003.1577
2026-05-07,West,Privatkunde,905,40.585773481,1.861673573,-127475.6,136.417916667,14828.3311,6355.0043,21183.1939
2026-05-08,East,Gewerbekunde,44,50.077651515,1.788598485,-1284.4,113.817708333,240.1876,102.9469,343.1265
2026-05-08,East,Kleingewerbe,151,50.271247241,1.886233444,-4423.6,113.817708333,829.5823,355.5598,1185.1226
2026-05-08,East,Privatkunde,613,50.294657423,1.844248912,-17787.6,113.817708333,3356.0507,1438.395,4794.3356
2026-05-08,North,Gewerbekunde,67,50.347014925,1.798855721,-1751.2,113.817708333,355.6804,152.4459,508.1074
2026-05-08,North,Kleingewerbe,161,50.59989648,1.829868012,-5198.8,113.817708333,933.4614,400.0783,1333.5166
2026-05-08,North,Privatkunde,686,50.349064626,1.877120384,-21049.6,113.817708333,3859.0432,1653.9836,5512.9284
2026-05-08,South,Gewerbekunde,75,50.533333333,1.835733333,-2455.2,113.817708333,432.4222,185.3394,617.7419
2026-05-08,South,Kleingewerbe,212,50.477987421,1.836328616,-6687.2,113.817708333,1203.7169,515.9145,1719.6024
2026-05-08,South,Privatkunde,835,50.389870259,1.8730499,-25660.4,113.817708333,4684.8116,2007.9144,6692.5859
2026-05-08,West,Gewerbekunde,79,50.425632911,1.883349156,-2279.6,113.817708333,436.308,186.9975,623.2935
2026-05-08,West,Kleingewerbe,214,50.260514019,1.858169782,-6569.2,113.817708333,1213.649,520.1703,1733.782
2026-05-08,West,Privatkunde,905,50.423066298,1.867335175,-26868.4,113.817708333,5025.7704,2154.0449,7179.6725
2026-05-09,East,Gewerbekunde,44,60.026515152,1.900643939,3421.6,88.434375,155.6932,66.7198,222.4192
2026-05-09,East,Kleingewerbe,151,59.974613687,1.895717439,11550,88.434375,521.8236,223.6249,745.4536
2026-05-09,East,Privatkunde,613,59.764681892,1.852718189,47796,88.434375,2083.6367,892.938,2976.58
2026-05-09,North,Gewerbekunde,67,59.683457711,1.836218905,5343.2,88.434375,214.898,92.0914,306.9929
2026-05-09,North,Kleingewerbe,161,59.824534161,1.863830228,12306.4,88.434375,584.8419,250.6251,835.4701
2026-05-09,North,Privatkunde,686,59.903729349,1.854184281,51808.8,88.434375,2462.4321,1055.2602,3517.6761
2026-05-09,South,Gewerbekunde,75,59.935,1.829305556,5403.6,88.434375,290.6774,124.5628,415.2409
2026-05-09,South,Kleingewerbe,212,60.046187107,1.853773585,15821.2,88.434375,783.5634,335.7944,1119.3527
2026-05-09,South,Privatkunde,835,59.827694611,1.858586327,63925.6,88.434375,2944.6004,1261.8791,4206.4713
2026-05-09,West,Gewerbekunde,79,59.987869198,1.852373418,5938.8,88.434375,288.3734,123.5842,411.956
2026-05-09,West,Kleingewerbe,214,59.899727414,1.864349688,16126.8,88.434375,775.8415,332.4874,1108.3297
2026-05-09,West,Privatkunde,905,59.911970534,1.85447744,67925.2,88.434375,3298.0304,1413.3453,4711.3791
2026-05-10,East,Gewerbekunde,44,65.682765152,1.896941288,6271.6,76.156979167,-65.1339,-27.915,-93.0476
2026-05-10,East,Kleingewerbe,151,65.616169978,1.857831126,21348.8,76.156979167,-208.492,-89.3599,-297.8377
2026-05-10,East,Privatkunde,613,65.651712887,1.870199157,86122.4,76.156979167,-843.2639,-361.4189,-1204.6121
2026-05-10,North,Gewerbekunde,67,65.564676617,1.86840796,9501.6,76.156979167,-97.4903,-41.7817,-139.2654
2026-05-10,North,Kleingewerbe,161,65.32505176,1.863835404,22238.8,76.156979167,-197.8524,-84.7974,-282.6226
2026-05-10,North,Privatkunde,686,65.531887755,1.849601555,95501.2,76.156979167,-853.7605,-365.9272,-1219.5949
2026-05-10,South,Gewerbekunde,75,65.617222222,1.865938889,10370.8,76.156979167,-91.4351,-39.1919,-130.6188
2026-05-10,South,Kleingewerbe,212,65.763757862,1.872551101,29386.8,76.156979167,-264.625,-113.4178,-378.0188
2026-05-10,South,Privatkunde,835,65.521756487,1.866786427,117134.4,76.156979167,-1156.8338,-495.8118,-1652.5772
2026-05-10,West,Gewerbekunde,79,65.424578059,1.860300633,11095.6,76.156979167,-104.4965,-44.7874,-149.2778
2026-05-10,West,Kleingewerbe,214,65.621300623,1.869643692,30074,76.156979167,-304.5887,-130.5437,-435.1077
2026-05-10,West,Privatkunde,905,65.596731123,1.850337937,125660.8,76.156979167,-1130.6386,-484.5995,-1615.1404
2026-05-11,East,Gewerbekunde,44,47.112689394,1.849261364,-2581.2,117.723958333,272.9791,116.9875,389.9629
2026-05-11,East,Kleingewerbe,151,47.08692053,1.915309051,-10180.8,117.723958333,1049.3609,449.7168,1499.0655
2026-05-11,East,Privatkunde,613,47.120717781,1.870846248,-40893.6,117.723958333,4229.2993,1812.5245,6041.7735
2026-05-11,North,Gewerbekunde,67,47.305970149,1.852618159,-4623.2,117.723958333,476.5552,204.2354,680.7783
2026-05-11,North,Kleingewerbe,161,47.21557971,1.851770186,-10627.2,117.723958333,1097.8802,470.5131,1568.38
2026-05-11,North,Privatkunde,686,47.201348397,1.852190233,-44699.2,117.723958333,4630.2722,1984.353,6614.5761
2026-05-11,South,Gewerbekunde,75,46.933888889,1.825361111,-4884.4,117.723958333,508.3184,217.8477,726.1606
2026-05-11,South,Kleingewerbe,212,47.149960692,1.86240173,-14026.8,117.723958333,1453.8861,623.0828,2076.9565
2026-05-11,South,Privatkunde,835,47.155638723,1.856080838,-54916.4,117.723958333,5688.7044,2437.9827,8126.5942
2026-05-11,West,Gewerbekunde,79,47.157172996,1.864868143,-4918,117.723958333,511.8728,219.3669,731.2278
2026-05-11,West,Kleingewerbe,214,46.959696262,1.885992991,-14896.8,117.723958333,1525.8379,653.9189,2179.7353
2026-05-11,West,Privatkunde,905,47.173388582,1.878782228,-60927.6,117.723958333,6291.4724,2696.304,8987.681
2026-05-12,East,Gewerbekunde,44,55.577651515,1.922471591,1058.8,94.397291667,105.9859,45.4268,151.4037
2026-05-12,East,Kleingewerbe,151,55.108719647,1.8485734,3455.2,94.397291667,398.1806,170.6546,568.7984
2026-05-12,East,Privatkunde,613,55.165035345,1.849006253,15065.2,94.397291667,1527.2993,654.6031,2181.809
2026-05-12,North,Gewerbekunde,67,55.367537313,1.880466418,1731.6,94.397291667,159.8468,68.5049,228.3395
2026-05-12,North,Kleingewerbe,161,55.028467909,1.8338794,3896.4,94.397291667,398.3523,170.7375,569.054
2026-05-12,North,Privatkunde,686,55.153364917,1.869175777,16303.6,94.397291667,1773.8083,760.2437,2533.9197
2026-05-12,South,Gewerbekunde,75,55.519444444,1.884905556,1587.2,94.397291667,203.8197,87.3546,291.1551
2026-05-12,South,Kleingewerbe,212,55.276926101,1.876782626,5292.8,94.397291667,504.6737,216.3003,720.9392
2026-05-12,South,Privatkunde,835,55.11751497,1.860321856,19459.2,94.397291667,2153.0748,922.7995,3075.7332
2026-05-12,West,Gewerbekunde,79,55.110232068,1.879957806,2168,94.397291667,180.0014,77.153,257.1413
2026-05-12,West,Kleingewerbe,214,54.942951713,1.861304517,4734.4,94.397291667,569.5741,244.1236,813.6557
2026-05-12,West,Privatkunde,905,55.079005525,1.861632597,20820.8,94.397291667,2335.4468,1000.9607,3336.2361
2026-05-13,East,Gewerbekunde,44,45.893939394,1.885852273,-3706,114.866979167,401.7453,172.1806,573.9208
2026-05-13,East,Kleingewerbe,151,45.961092715,1.878719647,-12121.6,114.866979167,1343.3166,575.7183,1919.0151
2026-05-13,East,Privatkunde,613,45.740891789,1.853344889,-49182.4,114.866979167,5450.4652,2335.9617,7786.3648
2026-05-13,North,Gewerbekunde,67,45.973880597,1.884577114,-5507.2,114.866979167,603.0125,258.4394,861.4462
2026-05-13,North,Kleingewerbe,161,45.823498965,1.845292443,-13281.6,114.866979167,1463.945,627.4145,2091.3334
2026-05-13,North,Privatkunde,686,45.83776725,1.870634111,-56238.8,114.866979167,6196.0565,2655.5297,8851.4955
2026-05-13,South,Gewerbekunde,75,45.974444444,1.903461111,-5962.4,114.866979167,666.0918,285.474,951.5598
2026-05-13,South,Kleingewerbe,212,45.927869497,1.845947327,-16965.6,114.866979167,1879.6183,805.5744,2685.1658
2026-05-13,South,Privatkunde,835,45.955239521,1.864753493,-68416,114.866979167,7539.7172,3231.3758,10771.0135
2026-05-13,West,Gewerbekunde,79,45.671413502,1.93189346,-6532,114.866979167,720.6228,308.8458,1029.4682
2026-05-13,West,Kleingewerbe,214,45.836448598,1.850755452,-17802,114.866979167,1960.2344,840.1262,2800.3333
2026-05-13,West,Privatkunde,905,45.791390424,1.866165746,-72704.4,114.866979167,8036.1288,3444.1534,11480.1804
2026-05-14,East,Gewerbekunde,44,53.671401515,1.88219697,62,95.561458333,325.408,139.4654,464.8722
2026-05-14,East,Kleingewerbe,151,53.344094923,1.85834713,468,95.561458333,1082.236,463.8421,1546.0648
2026-05-14,East,Privatkunde,613,53.321506253,1.870562126,1632.8,95.561458333,4394.953,1883.6222,6278.5616
2026-05-14,North,Gewerbekunde,67,53.278606965,1.84710199,194,95.561458333,483.7303,207.3214,691.0483
2026-05-14,North,Kleingewerbe,161,53.258281573,1.899029503,671.2,95.561458333,1139.7665,488.4869,1628.2529
2026-05-14,North,Privatkunde,686,53.466775996,1.862355442,1334,95.561458333,4974.4466,2131.9833,7106.3921
2026-05-14,South,Gewerbekunde,75,53.645,1.861094444,230.8,95.561458333,539.4279,231.1908,770.6166
2026-05-14,South,Kleingewerbe,212,53.56918239,1.853759827,983.6,95.561458333,1481.4021,634.9064,2116.3029
2026-05-14,South,Privatkunde,835,53.43752495,1.857105788,2736.4,95.561458333,5969.4834,2558.4309,8527.9091
2026-05-14,West,Gewerbekunde,79,53.191455696,1.897695148,268.4,95.561458333,567.3335,243.1456,810.4834
2026-05-14,West,Kleingewerbe,214,53.246690031,1.843845405,624.4,95.561458333,1534.7218,657.7585,2192.4771
2026-05-14,West,Privatkunde,905,53.359898711,1.835485267,2522.4,95.561458333,6512.2958,2791.0942,9303.3558
2026-05-15,East,Gewerbekunde,44,51.484848485,1.836363636,-978.8,109.081354167,291.0373,124.7327,415.7627
2026-05-15,East,Kleingewerbe,151,51.398454746,1.829288079,-3442.4,109.081354167,998.0621,427.742,1425.7768
2026-05-15,East,Privatkunde,613,51.262914628,1.839821234,-12212.8,109.081354167,3956.1211,1695.4784,5651.4697
2026-05-15,North,Gewerbekunde,67,51.085820896,1.866666667,-1487.6,109.081354167,445.4332,190.903,636.3226
2026-05-15,North,Kleingewerbe,161,51.232142857,1.871239648,-3012.4,109.081354167,1016.681,435.7276,1452.3791
2026-05-15,North,Privatkunde,686,51.272959184,1.877004373,-14454.8,109.081354167,4467.2682,1914.5415,6381.6763
2026-05-15,South,Gewerbekunde,75,50.738888889,1.844305556,-1566,109.081354167,489.6988,209.8701,699.5559
2026-05-15,South,Kleingewerbe,212,51.008254717,1.891595912,-4310,109.081354167,1361.8997,583.6689,1945.5283
2026-05-15,South,Privatkunde,835,51.226197605,1.862916168,-17335.6,109.081354167,5414.527,2320.5152,7734.8582
2026-05-15,West,Gewerbekunde,79,51.436708861,1.874651899,-1703.2,109.081354167,514.7079,220.589,735.2824
2026-05-15,West,Kleingewerbe,214,51.40771028,1.871514798,-4230.4,109.081354167,1370.8614,587.5174,1958.3277
2026-05-15,West,Privatkunde,905,51.31781768,1.852611878,-18944.4,109.081354167,5884.9911,2522.1542,8406.9558
2026-05-16,East,Gewerbekunde,44,62.448863636,1.870909091,4658,78.0896875,94.1836,40.3718,134.5509
2026-05-16,East,Kleingewerbe,151,62.605408389,1.877800773,15802.8,78.0896875,352.725,151.1957,503.9073
2026-05-16,East,Privatkunde,613,62.728452964,1.851286025,65126,78.0896875,1373.2258,588.6448,1961.8452
2026-05-16,North,Gewerbekunde,67,62.800373134,1.902220149,7067.2,78.0896875,161.0406,69.0303,230.0673
2026-05-16,North,Kleingewerbe,161,62.533902692,1.878946687,17517.2,78.0896875,338.1222,144.9453,483.0548
2026-05-16,North,Privatkunde,686,62.703595724,1.864797133,73022.4,78.0896875,1522.3114,652.5512,2174.8086
2026-05-16,South,Gewerbekunde,75,62.594444444,1.905111111,8065.2,78.0896875,166.4537,71.3524,237.8004
2026-05-16,South,Kleingewerbe,212,62.555227987,1.882488208,23073.2,78.0896875,435.7716,186.8023,622.5491
2026-05-16,South,Privatkunde,835,62.865968064,1.875211078,89793.6,78.0896875,1805.8128,774.0701,2579.8593
2026-05-16,West,Gewerbekunde,79,62.978902954,1.849931435,8358.8,78.0896875,176.6394,75.7152,252.3526
2026-05-16,West,Kleingewerbe,214,62.5625,1.86394081,22912,78.0896875,452.1918,193.84,646.0128
2026-05-16,West,Privatkunde,905,62.768646409,1.853337477,97139.2,78.0896875,1977.0458,847.4983,2824.4748
2026-05-17,East,Gewerbekunde,44,56.926136364,1.830899621,1714,83.580208333,299.9129,128.533,428.4441
2026-05-17,East,Kleingewerbe,151,56.908112583,1.8374117,6225.6,83.580208333,1016.6065,435.6865,1452.2789
2026-05-17,East,Privatkunde,613,56.892264818,1.862279772,26062,83.580208333,4049.8314,1735.6364,5785.4281
2026-05-17,North,Gewerbekunde,67,56.857587065,1.882350746,2724,83.580208333,450.9819,193.273,644.2527
2026-05-17,North,Kleingewerbe,161,56.877070393,1.876736542,6912.8,83.580208333,1075.4479,460.9041,1536.3397
2026-05-17,North,Privatkunde,686,56.900631681,1.879376822,28634,83.580208333,4582.1985,1963.7915,6545.9509
2026-05-17,South,Gewerbekunde,75,57.132777778,1.829261111,3210.4,83.580208333,503.2297,215.6673,718.8909
2026-05-17,South,Kleingewerbe,212,57.035180818,1.885980739,9077.6,83.580208333,1427.738,611.8917,2039.6108
2026-05-17,South,Privatkunde,835,56.942814371,1.865372754,34882.4,83.580208333,5618.7713,2408.0381,8026.769
2026-05-17,West,Gewerbekunde,79,56.859704641,1.811529536,3481.6,83.580208333,518.4079,222.1728,740.5758
2026-05-17,West,Kleingewerbe,214,57.112733645,1.849639798,9031.6,83.580208333,1416.6708,607.1382,2023.7956
2026-05-17,West,Privatkunde,905,56.883655617,1.865103131,39032,83.580208333,5972.3077,2559.5337,8531.8106
2026-05-18,East,Gewerbekunde,44,37.800189394,1.893106061,-7487.2,140.178854167,890.3289,381.5709,1271.8899
2026-05-18,East,Kleingewerbe,151,37.980960265,1.833733444,-25915.2,140.178854167,3055.9855,1309.7118,4365.6673
2026-05-18,East,Privatkunde,613,37.909597607,1.870003399,-105638,140.178854167,12435.5409,5329.5666,17764.9786
2026-05-18,North,Gewerbekunde,67,37.635572139,1.892481343,-11598,140.178854167,1374.1867,588.9382,1963.1102
2026-05-18,North,Kleingewerbe,161,37.831004141,1.856299172,-27682.8,140.178854167,3272.6428,1402.5623,4675.1715
2026-05-18,North,Privatkunde,686,38.017371234,1.869695092,-118062.8,140.178854167,13893.2683,5954.3052,19847.4188
2026-05-18,South,Gewerbekunde,75,38.381666667,1.824822222,-13119.2,140.178854167,1536.4884,658.5011,2194.979
2026-05-18,South,Kleingewerbe,212,37.855542453,1.865288915,-36030,140.178854167,4250.8147,1821.7911,6072.5555
2026-05-18,South,Privatkunde,835,37.973353293,1.859102794,-143096.4,140.178854167,16856.2444,7224.1785,24080.2348
2026-05-18,West,Gewerbekunde,79,38.004219409,1.846466245,-13472,140.178854167,1594.8949,683.5338,2278.4086
2026-05-18,West,Kleingewerbe,214,38.018107477,1.872048287,-37419.2,140.178854167,4393.0083,1882.7395,6275.6923
2026-05-18,West,Privatkunde,905,37.956353591,1.864148711,-154917.6,140.178854167,18303.7282,7844.5158,26148.0463
2026-05-19,East,Gewerbekunde,44,38.009469697,1.867168561,-7418.4,125.958958333,799.9301,342.8313,1142.7481
2026-05-19,East,Kleingewerbe,151,37.882174393,1.88959989,-25554.4,125.958958333,2745.2858,1176.5553,3921.8067
2026-05-19,East,Privatkunde,613,37.94004894,1.86790783,-104836.4,125.958958333,11300.5146,4843.0966,16143.4571
2026-05-19,North,Gewerbekunde,67,37.938432836,1.848171642,-11496.8,125.958958333,1235.6973,529.5859,1765.2673
2026-05-19,North,Kleingewerbe,161,38.066511387,1.850375259,-27657.2,125.958958333,2975.2294,1275.1037,4250.2916
2026-05-19,North,Privatkunde,686,37.962645773,1.858227041,-117690.8,125.958958333,12654.0781,5423.223,18077.1161
2026-05-19,South,Gewerbekunde,75,38.017777778,1.876244444,-12738.8,125.958958333,1374.2078,588.9477,1963.136
2026-05-19,South,Kleingewerbe,212,38.032625786,1.861688286,-35727.2,125.958958333,3857.8641,1653.3868,5511.2056
2026-05-19,South,Privatkunde,835,37.981487026,1.851193114,-143990.8,125.958958333,15498.3404,6642.1932,22140.3048
2026-05-19,West,Gewerbekunde,79,38.050105485,1.879287975,-13462,125.958958333,1454.0139,623.1524,2077.1474
2026-05-19,West,Kleingewerbe,214,37.950545171,1.874020639,-36252.8,125.958958333,3916.2099,1678.3944,5594.5459
2026-05-19,West,Privatkunde,905,37.904834254,1.878804328,-154364.4,125.958958333,16649.3284,7135.4843,23784.5762
2026-05-20,East,Gewerbekunde,44,50.318181818,1.800047348,-1670,109.578229167,380.9927,163.2838,544.2739
2026-05-20,East,Kleingewerbe,151,50.189569536,1.815162804,-5840.4,109.578229167,1287.3844,551.7434,1839.1188
2026-05-20,East,Privatkunde,613,49.926522567,1.869577216,-21232,109.578229167,5074.5812,2174.8606,7249.3899
2026-05-20,North,Gewerbekunde,67,49.834577114,1.811772388,-2596.4,109.578229167,578.8698,248.0905,826.955
2026-05-20,North,Kleingewerbe,161,50.010869565,1.847820911,-5756.8,109.578229167,1344.8541,576.3813,1921.2224
2026-05-20,North,Privatkunde,686,49.934037901,1.861270651,-25078.8,109.578229167,5805.7541,2488.2596,8293.9412
2026-05-20,South,Gewerbekunde,75,49.858333333,1.876211111,-2585.2,109.578229167,616.1014,264.0491,880.1442
2026-05-20,South,Kleingewerbe,212,49.744300314,1.856141903,-7728.8,109.578229167,1779.2137,762.5357,2541.7386
2026-05-20,South,Privatkunde,835,49.990419162,1.857404691,-29508.8,109.578229167,6967.1586,2986.0098,9953.0819
2026-05-20,West,Gewerbekunde,79,50.033755274,1.845949367,-2749.2,109.578229167,654.0432,280.309,934.3507
2026-05-20,West,Kleingewerbe,214,49.792834891,1.85274338,-7514.8,109.578229167,1784.6329,764.8568,2549.4686
2026-05-20,West,Privatkunde,905,49.940515654,1.865905617,-32708,109.578229167,7590.7671,3253.2493,10843.941
2026-05-21,East,Gewerbekunde,44,46.125,1.873731061,-3752.4,110.254895833,682.1205,292.3328,974.4515
2026-05-21,East,Kleingewerbe,151,45.83692053,1.832626932,-12542.4,110.254895833,2317.5337,993.2258,3310.7326
2026-05-21,East,Privatkunde,613,46.050367047,1.863563078,-49214.4,110.254895833,9255.0561,3966.4484,13221.3666
2026-05-21,North,Gewerbekunde,67,45.769278607,1.880715174,-5402.8,110.254895833,1007.4973,431.7854,1439.2691
2026-05-21,North,Kleingewerbe,161,46.097567288,1.870380435,-12798,110.254895833,2418.2355,1036.3868,3454.5921
2026-05-21,North,Privatkunde,686,45.95675413,1.861558552,-55202.4,110.254895833,10336.5386,4429.938,14766.3498
2026-05-21,South,Gewerbekunde,75,45.986111111,1.878755556,-6404,110.254895833,1152.55,493.9488,1646.4821
2026-05-21,South,Kleingewerbe,212,45.974646226,1.843590802,-17263.6,110.254895833,3233.3195,1385.7107,4618.9904
2026-05-21,South,Privatkunde,835,45.988922156,1.85503493,-66898.4,110.254895833,12595.6587,5398.1329,17993.6079
2026-05-21,West,Gewerbekunde,79,45.973628692,1.854446203,-6608,110.254895833,1221.4696,523.4872,1744.943
2026-05-21,West,Kleingewerbe,214,45.924454829,1.862052181,-17292.4,110.254895833,3233.1918,1385.6623,4618.807
2026-05-21,West,Privatkunde,905,45.932872928,1.857096685,-72584,110.254895833,13633.0654,5842.7312,19475.6151
2026-05-22,East,Gewerbekunde,44,45.580492424,1.87344697,-3616.8,105.74625,738.9616,316.6988,1055.6538
2026-05-22,East,Kleingewerbe,151,45.915286976,1.896263797,-13379.6,105.74625,2611.4652,1119.2028,3730.6449
2026-05-22,East,Privatkunde,613,45.759719956,1.847312398,-51713.2,105.74625,10309.6284,4418.409,14727.9386
2026-05-22,North,Gewerbekunde,67,45.631218905,1.881424129,-5631.6,105.74625,1121.4959,480.64,1602.124
2026-05-22,North,Kleingewerbe,161,45.77199793,1.864197723,-13837.2,105.74625,2721.8604,1166.5075,3888.3478
2026-05-22,North,Privatkunde,686,45.773931001,1.867979227,-58053.2,105.74625,11559.1109,4953.9265,16512.9157
2026-05-22,South,Gewerbekunde,75,45.856111111,1.883266667,-6692.4,105.74625,1295.2102,555.0869,1850.2853
2026-05-22,South,Kleingewerbe,212,45.759237421,1.871110456,-18067.2,105.74625,3570.1422,1530.068,5100.1693
2026-05-22,South,Privatkunde,835,45.763522954,1.854525948,-69698,105.74625,13974.142,5988.925,19962.9419
2026-05-22,West,Gewerbekunde,79,45.634493671,1.877357595,-6662.8,105.74625,1315.6522,563.8508,1879.4897
2026-05-22,West,Kleingewerbe,214,45.802375389,1.851279206,-18239.6,105.74625,3607.734,1546.1745,5153.8725
2026-05-22,West,Privatkunde,905,45.7106814,1.874054788,-76126.8,105.74625,15214.7941,6520.6213,21735.2622
2026-05-23,East,Gewerbekunde,44,59.289772727,1.871695076,2748,80.216354167,450.3205,192.9952,643.3141
2026-05-23,East,Kleingewerbe,151,59.250827815,1.839635762,9962.4,80.216354167,1503.8362,644.5072,2148.3462
2026-05-23,East,Privatkunde,613,59.294045677,1.860399674,41271.2,80.216354167,6075.3147,2603.7123,8679.0545
2026-05-23,North,Gewerbekunde,67,59.461442786,1.896679104,4395.2,80.216354167,666.9262,285.8268,952.7557
2026-05-23,North,Kleingewerbe,161,59.329710145,1.855507246,10828.8,80.216354167,1602.8871,686.9505,2289.8389
2026-05-23,North,Privatkunde,686,59.347971331,1.858661929,45803.6,80.216354167,6808.5321,2917.9458,9726.4943
2026-05-23,South,Gewerbekunde,75,59.651111111,1.824866667,5042.4,80.216354167,743.4163,318.6047,1062.0286
2026-05-23,South,Kleingewerbe,212,59.19634434,1.860288915,14251.2,80.216354167,2091.2022,896.228,2987.4277
2026-05-23,South,Privatkunde,835,59.259031936,1.853603792,56321.2,80.216354167,8238.2518,3530.6879,11768.969
2026-05-23,West,Gewerbekunde,79,59.278481013,1.864694093,5425.2,80.216354167,761.7,326.4487,1088.1528
2026-05-23,West,Kleingewerbe,214,59.406931464,1.85045366,14698,80.216354167,2118.298,907.8397,3026.1588
2026-05-23,West,Privatkunde,905,59.239732965,1.867930018,60296.8,80.216354167,9007.6956,3860.4603,12868.169
2026-05-24,East,Gewerbekunde,44,59.832386364,1.860965909,3074.8,65.876354167,509.5204,218.3678,727.8905
2026-05-24,East,Kleingewerbe,151,59.571467991,1.832745585,11041.2,65.876354167,1692.8846,725.5271,2418.4192
2026-05-24,East,Privatkunde,613,59.678765633,1.859265905,43746.4,65.876354167,6948.5843,2977.9619,9926.5804
2026-05-24,North,Gewerbekunde,67,59.6710199,1.886691542,4588,65.876354167,783.3529,335.7248,1119.0822
2026-05-24,North,Kleingewerbe,161,59.506469979,1.857295549,11052.4,65.876354167,1848.5755,792.2463,2640.8293
2026-05-24,North,Privatkunde,686,59.628522838,1.850848518,47808.4,65.876354167,7870.8204,3373.2171,11244.0762
2026-05-24,South,Gewerbekunde,75,59.395,1.92425,5280.8,65.876354167,851.0899,364.7517,1215.8508
2026-05-24,South,Kleingewerbe,212,59.566234277,1.87627555,15233.6,65.876354167,2392.5102,1025.3578,3417.8792
2026-05-24,South,Privatkunde,835,59.678243513,1.866689621,59850.8,65.876354167,9449.6053,4049.8392,13499.4908
2026-05-24,West,Gewerbekunde,79,59.873945148,1.883154008,5590,65.876354167,898.8904,385.2426,1284.1351
2026-05-24,West,Kleingewerbe,214,59.705607477,1.863432632,14695.6,65.876354167,2471.5802,1059.2486,3530.8348
2026-05-24,West,Privatkunde,905,59.599769797,1.854435543,64212.8,65.876354167,10299.5209,4414.096,14713.647
2026-05-25,East,Gewerbekunde,44,57.989583333,1.831619318,2414,81.661458333,456.3787,195.5968,651.9721
2026-05-25,East,Kleingewerbe,151,58.113686534,1.87276766,8238,81.661458333,1580.2822,677.2758,2257.5452
2026-05-25,East,Privatkunde,613,58.209692768,1.859821234,34601.6,81.661458333,6315.1351,2706.5586,9021.6217
2026-05-25,North,Gewerbekunde,67,58.281716418,1.928501244,3471.6,81.661458333,711.1162,304.776,1015.8811
2026-05-25,North,Kleingewerbe,161,58.072722567,1.849221014,9081.6,81.661458333,1666.8337,714.3772,2381.1925
2026-05-25,North,Privatkunde,686,58.274720603,1.842571672,37551.6,81.661458333,7187.9474,3080.6252,10268.5081
2026-05-25,South,Gewerbekunde,75,57.811666667,1.896466667,3926.8,81.661458333,797.8989,341.9667,1139.8526
2026-05-25,South,Kleingewerbe,212,58.183569182,1.847279874,11638.8,81.661458333,2218.3469,950.7439,3169.0691
2026-05-25,South,Privatkunde,835,58.228043912,1.864680639,45936.4,81.661458333,8675.177,3718.0172,12393.1026
2026-05-25,West,Gewerbekunde,79,58.302742616,1.817447257,4486,81.661458333,808.6013,346.5512,1155.1413
2026-05-25,West,Kleingewerbe,214,58.113123053,1.831176012,11258,81.661458333,2267.7512,971.9323,3239.645
2026-05-25,West,Privatkunde,905,58.249355433,1.876160221,50390.4,81.661458333,9409.9282,4032.9331,13442.7694
2026-05-26,East,Gewerbekunde,44,54.039772727,1.898276515,552.4,97.8803125,502.3176,215.2803,717.593
2026-05-26,East,Kleingewerbe,151,53.909768212,1.838046358,1186.8,97.8803125,1779.7631,762.7582,2542.4988
2026-05-26,East,Privatkunde,613,53.862357259,1.865680397,4702.8,97.8803125,7260.6645,3111.7405,10372.298
2026-05-26,North,Gewerbekunde,67,54.084577114,1.884123134,368,97.8803125,812.5937,348.2597,1160.8402
2026-05-26,North,Kleingewerbe,161,54.011387164,1.881480331,1162,97.8803125,1935.5714,829.5327,2765.0881
2026-05-26,North,Privatkunde,686,54.025145773,1.874156948,5405.2,97.8803125,8128.5174,3483.6696,11612.0774
2026-05-26,South,Gewerbekunde,75,53.927222222,1.862166667,624,97.8803125,881.614,377.8386,1259.4423
2026-05-26,South,Kleingewerbe,212,54.270833333,1.845086478,1667.2,97.8803125,2506.8098,1074.3519,3581.133
2026-05-26,South,Privatkunde,835,53.986477046,1.872382735,7150.4,97.8803125,9875.4653,4232.3708,14107.692
2026-05-26,West,Gewerbekunde,79,54.061708861,1.839720464,735.2,97.8803125,923.4907,395.7844,1319.2619
2026-05-26,West,Kleingewerbe,214,54.131619938,1.878934969,1815.6,97.8803125,2514.2731,1077.5569,3591.7936
2026-05-26,West,Privatkunde,905,53.872053407,1.849139042,6523.6,97.8803125,10768.702,4615.19,15383.7373
2026-05-27,East,Gewerbekunde,44,56.526515152,1.878361742,1490.8,84.0525,435.605,186.6941,622.2936
2026-05-27,East,Kleingewerbe,151,56.419701987,1.872287528,5446.4,84.0525,1476.3454,632.753,2109.0734
2026-05-27,East,Privatkunde,613,56.593936922,1.86273994,21852.8,84.0525,6035.1355,2586.5986,8621.613
2026-05-27,North,Gewerbekunde,67,56.687189055,1.851523632,2118.8,84.0525,676.3836,289.8912,966.2586
2026-05-27,North,Kleingewerbe,161,56.622929607,1.814086439,6050,84.0525,1549.6743,664.1715,2213.8112
2026-05-27,North,Privatkunde,686,56.512390671,1.879757653,24262.4,84.0525,6769.7914,2901.4744,9671.1171
2026-05-27,South,Gewerbekunde,75,56.427777778,1.831416667,2715.2,84.0525,734.3419,314.7324,1049.055
2026-05-27,South,Kleingewerbe,212,56.500196541,1.872329009,7734.8,84.0525,2076.3508,889.9055,2966.2197
2026-05-27,South,Privatkunde,835,56.517864271,1.866045908,30682,84.0525,8124.5211,3482.0799,11606.4104
2026-05-27,West,Gewerbekunde,79,56.632383966,1.848233122,2703.6,84.0525,786.6326,337.1449,1123.7649
2026-05-27,West,Kleingewerbe,214,56.512266355,1.843198988,7969.6,84.0525,2069.4066,886.9313,2956.2829
2026-05-27,West,Privatkunde,905,56.461832413,1.852957182,32651.2,84.0525,8846.4638,3791.5233,12637.7834
2026-05-28,East,Gewerbekunde,44,48.575757576,1.927367424,-2213.2,122.980520833,889.6128,381.2733,1270.8744
2026-05-28,East,Kleingewerbe,151,48.496412804,1.877513797,-8052.8,122.980520833,3084.8553,1322.1129,4406.9224
2026-05-28,East,Privatkunde,613,48.563145731,1.854583333,-32841.6,122.980520833,12607.3837,5403.283,18010.5012
2026-05-28,North,Gewerbekunde,67,48.419154229,1.870628109,-3468.8,122.980520833,1361.8554,583.6667,1945.5031
2026-05-28,North,Kleingewerbe,161,48.464285714,1.869979296,-8597.2,122.980520833,3316.1528,1421.2342,4737.3534
2026-05-28,North,Privatkunde,686,48.530794461,1.864295432,-36427.6,122.980520833,14045.7362,6019.7246,20065.2655
2026-05-28,South,Gewerbekunde,75,48.399444444,1.900044444,-4014.4,122.980520833,1544.0516,661.752,2205.7836
2026-05-28,South,Kleingewerbe,212,48.651336478,1.879925314,-11531.6,122.980520833,4374.503,1874.8286,6249.2757
2026-05-28,South,Privatkunde,835,48.554441118,1.865617265,-44457.2,122.980520833,17095.1301,7326.6411,24421.5449
2026-05-28,West,Gewerbekunde,79,48.521097046,1.84507384,-3905.6,122.980520833,1598.5064,685.0918,2283.5714
2026-05-28,West,Kleingewerbe,214,48.446261682,1.869867601,-11489.2,122.980520833,4377.573,1876.1457,6253.6567
2026-05-28,West,Privatkunde,905,48.377946593,1.869149171,-47480.8,122.980520833,18465.8347,7914.0987,26379.688
2026-05-29,East,Gewerbekunde,44,52.567234848,1.837793561,-219.2,102.281354167,506.8335,217.2105,724.0391
2026-05-29,East,Kleingewerbe,151,52.82615894,1.860474614,-492.4,102.281354167,1738.0878,744.881,2482.9539
2026-05-29,East,Privatkunde,613,52.753806417,1.861810767,-3294.4,102.281354167,7147.0448,3062.9695,10209.9674
2026-05-29,North,Gewerbekunde,67,52.930970149,1.837039801,-140.8,102.281354167,772.7173,331.1601,1103.8773
2026-05-29,North,Kleingewerbe,161,53.061076605,1.863159938,-566.8,102.281354167,1861.1386,797.6117,2658.74
2026-05-29,North,Privatkunde,686,52.894375607,1.858446914,-2805.6,102.281354167,7967.2996,3414.4844,11381.7368
2026-05-29,South,Gewerbekunde,75,52.841666667,1.887377778,-39.6,102.281354167,837.2227,358.8004,1196.0217
2026-05-29,South,Kleingewerbe,212,52.724056604,1.858453223,-1094.4,102.281354167,2452.9357,1051.2365,3504.1556
2026-05-29,South,Privatkunde,835,52.782734531,1.863727046,-1662.8,102.281354167,9551.1137,4093.2645,13644.3237
2026-05-29,West,Gewerbekunde,79,53.204113924,1.834941983,-603.2,102.281354167,938.8706,402.3681,1341.2311
2026-05-29,West,Kleingewerbe,214,52.625389408,1.866549844,-967.6,102.281354167,2481.8994,1063.6582,3545.5449
2026-05-29,West,Privatkunde,905,52.895856354,1.853871547,-3286,102.281354167,10439.2948,4473.9108,14913.1351
2026-05-30,East,Gewerbekunde,44,58.505681818,1.926145833,2676,85.929895833,324.8975,139.2414,464.1285
2026-05-30,East,Kleingewerbe,151,58.599889625,1.872535872,9456,85.929895833,1082.6608,463.9909,1546.6307
2026-05-30,East,Privatkunde,613,58.777732463,1.85466286,37408,85.929895833,4514.1033,1934.609,6448.6171
2026-05-30,North,Gewerbekunde,67,58.623134328,1.900422886,4346.8,85.929895833,477.5809,204.6774,682.2443
2026-05-30,North,Kleingewerbe,161,58.83436853,1.835546066,9592.8,85.929895833,1201.9113,515.0975,1716.9953
2026-05-30,North,Privatkunde,686,58.735301263,1.85046708,42450.4,85.929895833,4963.9293,2127.3916,7091.2082
2026-05-30,South,Gewerbekunde,75,58.784444444,1.81365,4753.6,85.929895833,538.5899,230.822,769.4073
2026-05-30,South,Kleingewerbe,212,58.56702044,1.854363208,12061.2,85.929895833,1626.8022,697.1904,2323.9673
2026-05-30,South,Privatkunde,835,58.680738523,1.870762974,50902.8,85.929895833,6132.4682,2628.1816,8760.5282
2026-05-30,West,Gewerbekunde,79,58.551687764,1.877658228,4648,85.929895833,598.5079,256.5047,855.0034
2026-05-30,West,Kleingewerbe,214,58.831775701,1.888792835,13942.8,85.929895833,1514.3008,648.9913,2163.2553
2026-05-30,West,Privatkunde,905,58.768554328,1.861554328,56019.2,85.929895833,6585.9499,2822.5329,9408.3275
2026-05-31,East,Gewerbekunde,44,56.910037879,1.89811553,1848.4,90.05625,310.4413,133.0508,443.4848
2026-05-31,East,Kleingewerbe,151,56.77593819,1.856788079,5976.4,90.05625,1069.327,458.287,1527.5736
2026-05-31,East,Privatkunde,613,56.878602501,1.874058592,25624.4,90.05625,4252.6855,1822.6028,6075.1446
2026-05-31,North,Gewerbekunde,67,56.892412935,1.900746269,2965.2,90.05625,450.2944,192.9877,643.2633
2026-05-31,North,Kleingewerbe,161,56.822463768,1.859989648,6773.6,90.05625,1110.323,475.862,1586.1455
2026-05-31,North,Privatkunde,686,56.887390671,1.851712828,28930.4,90.05625,4718.11,2022.0698,6740.024
2026-05-31,South,Gewerbekunde,75,56.997777778,1.901911111,3103.6,90.05625,524.6112,224.8351,749.4252
2026-05-31,South,Kleingewerbe,212,57.035377358,1.839506682,9058,90.05625,1432.6811,614.0135,2046.643
2026-05-31,South,Privatkunde,835,56.858632735,1.868017964,35281.2,90.05625,5744.0586,2461.7667,8205.6092
2026-05-31,West,Gewerbekunde,79,56.881329114,1.883412447,3172,90.05625,554.1512,237.4962,791.6368
2026-05-31,West,Kleingewerbe,214,57.026285047,1.85723715,9359.6,90.05625,1431.923,613.6808,2045.5637
2026-05-31,West,Privatkunde,905,56.90271639,1.862573204,37798.8,90.05625,6208.9347,2660.9858,8869.7051
2026-06-01,East,Gewerbekunde,44,37.754734848,1.882793561,-7460.4,152.053229167,1028.9776,440.9987,1469.9655
2026-06-01,East,Kleingewerbe,151,37.652041943,1.873904525,-26016.8,152.053229167,3539.7001,1517.0333,5056.7098
2026-06-01,East,Privatkunde,613,37.852705275,1.857438146,-105098.4,152.053229167,14330.1854,6141.5995,20471.6561
2026-06-01,North,Gewerbekunde,67,37.720771144,1.873905473,-11488,152.053229167,1564.5233,670.5196,2235.0256
2026-06-01,North,Kleingewerbe,161,38.032608696,1.840662526,-27696.8,152.053229167,3764.6558,1613.4477,5378.0778
2026-06-01,North,Privatkunde,686,37.984693878,1.864474611,-117056.4,152.053229167,15940.8359,6831.8952,22772.5816
2026-06-01,South,Gewerbekunde,75,38.143888889,1.840938889,-12772.4,152.053229167,1742.8949,746.9643,2489.846
2026-06-01,South,Kleingewerbe,212,37.994693396,1.869825079,-35692,152.053229167,4845.69,2076.7569,6922.4024
2026-06-01,South,Privatkunde,835,37.958782435,1.85681487,-141784.8,152.053229167,19306.3839,8274.29,27580.4957
2026-06-01,West,Gewerbekunde,79,37.832805907,1.905743671,-13424,152.053229167,1831.5222,784.9491,2616.4568
2026-06-01,West,Kleingewerbe,214,37.89855919,1.860258956,-36116,152.053229167,4915.6484,2106.7348,7022.3457
2026-06-01,West,Privatkunde,905,37.884069982,1.867389503,-154504.8,152.053229167,21026.7094,9011.5785,30038.1008
2026-06-02,East,Gewerbekunde,44,44.478219697,1.833664773,-4273.2,120.121145833,457.0633,195.8925,652.9427
2026-06-02,East,Kleingewerbe,151,44.62196468,1.873405077,-14099.2,120.121145833,1514.734,649.1943,2163.9005
2026-06-02,East,Privatkunde,613,44.481375748,1.865131865,-58307.6,120.121145833,6244.552,2676.3188,8920.7623
2026-06-02,North,Gewerbekunde,67,44.753109453,1.830124378,-6364,120.121145833,685.4475,293.7693,979.2093
2026-06-02,North,Kleingewerbe,161,44.48757764,1.863030538,-15477.2,120.121145833,1658.6662,710.8867,2369.5241
2026-06-02,North,Privatkunde,686,44.450741011,1.854619776,-65290.4,120.121145833,6993.7451,2997.3983,9991.0349
2026-06-02,South,Gewerbekunde,75,44.563888889,1.796011111,-7122.4,120.121145833,765.1784,327.9427,1093.1074
2026-06-02,South,Kleingewerbe,212,44.437893082,1.866590016,-20517.2,120.121145833,2183.8616,935.9708,3119.7976
2026-06-02,South,Privatkunde,835,44.476646707,1.86045509,-81077.6,120.121145833,8649.2776,3706.9448,12356.0918
2026-06-02,West,Gewerbekunde,79,44.726265823,1.868934599,-7717.6,120.121145833,824.983,353.5744,1178.5461
2026-06-02,West,Kleingewerbe,214,44.418224299,1.847961449,-21055.2,120.121145833,2245.4685,962.3788,3207.8042
2026-06-02,West,Privatkunde,905,44.478038674,1.883608656,-86966.4,120.121145833,9299.474,3985.6178,13284.9567
2026-06-03,East,Gewerbekunde,44,51.791666667,1.806354167,-633.2,99.864895833,222.439,95.3425,317.7799
2026-06-03,East,Kleingewerbe,151,51.306843267,1.832356512,-3044,99.864895833,835.2375,358.0014,1193.239
2026-06-03,East,Privatkunde,613,51.324089179,1.868450924,-11161.2,99.864895833,3310.1936,1418.8032,4729.0077
2026-06-03,North,Gewerbekunde,67,51.447139303,1.824085821,-1240.4,99.864895833,361.0781,154.7647,515.8496
2026-06-03,North,Kleingewerbe,161,51.472049689,1.879334886,-2766.4,99.864895833,857.5814,367.5812,1225.1618
2026-06-03,North,Privatkunde,686,51.487670068,1.865612245,-12758,99.864895833,3725.8586,1596.9711,5322.8208
2026-06-03,South,Gewerbekunde,75,51.411111111,1.863966667,-1403.6,99.864895833,406.8633,174.3868,581.2507
2026-06-03,South,Kleingewerbe,212,51.708136792,1.869139151,-3191.6,99.864895833,1099.3999,471.2264,1570.6288
2026-06-03,South,Privatkunde,835,51.467015968,1.880669162,-14733.2,99.864895833,4440.8111,1903.4159,6344.2194
2026-06-03,West,Gewerbekunde,79,51.668776371,1.870706751,-1398.8,99.864895833,425.4474,182.3519,607.799
2026-06-03,West,Kleingewerbe,214,51.574182243,1.855642523,-3883.2,99.864895833,1147.1415,491.6918,1638.8177
2026-06-03,West,Privatkunde,905,51.390239411,1.856367864,-17458.8,99.864895833,4951.8666,2122.4534,7074.3356
2026-06-04,East,Gewerbekunde,44,68.369318182,1.854715909,7563.2,61.2765625,-140.4235,-60.1922,-200.6075
2026-06-04,East,Kleingewerbe,151,68.45888521,1.881680464,25792,61.2765625,-492.1433,-210.944,-703.0675
2026-06-04,East,Privatkunde,613,68.358550843,1.847264138,105087.2,61.2765625,-2006.6546,-860.0961,-2866.6672
2026-06-04,North,Gewerbekunde,67,68.26181592,1.845037313,11538.4,61.2765625,-226.9344,-97.2694,-324.1951
2026-06-04,North,Kleingewerbe,161,68.276915114,1.843793996,27768.4,61.2765625,-543.6486,-233.0144,-776.6461
2026-06-04,North,Privatkunde,686,68.428753644,1.858050899,118473.6,61.2765625,-2305.1822,-988.0427,-3293.1519
2026-06-04,South,Gewerbekunde,75,68.723333333,1.867788889,12992.8,61.2765625,-254.8131,-109.2151,-364.0181
2026-06-04,South,Kleingewerbe,212,68.633058176,1.844178459,36594,61.2765625,-710.2999,-304.4474,-1014.711
2026-06-04,South,Privatkunde,835,68.434381238,1.862311377,143213.6,61.2765625,-2739.5233,-1174.2162,-3913.6421
2026-06-04,West,Gewerbekunde,79,68.700421941,1.874013713,13579.6,61.2765625,-259.2509,-111.1201,-370.3654
2026-06-04,West,Kleingewerbe,214,68.387850467,1.862581776,37370.8,61.2765625,-736.6743,-315.751,-1052.3989
2026-06-04,West,Privatkunde,905,68.452117864,1.862470534,155494.4,61.2765625,-2986.6105,-1280.1118,-4266.5905
2026-06-05,East,Gewerbekunde,44,50.178030303,1.870255682,-1364,105.582708333,382.198,163.7989,545.9832
2026-06-05,East,Kleingewerbe,151,50.053256071,1.872982892,-5059.2,105.582708333,1347.3028,577.4129,1924.6798
2026-06-05,East,Privatkunde,613,50.160957042,1.870373844,-20834,105.582708333,5465.4217,2342.3227,7807.5985
2026-06-05,North,Gewerbekunde,67,50.032338308,1.883787313,-2282,105.582708333,610.6761,261.7184,872.3804
2026-06-05,North,Kleingewerbe,161,50.299171843,1.850996377,-5180.8,105.582708333,1404.0085,601.7133,2005.688
2026-06-05,North,Privatkunde,686,50.127854713,1.856063533,-22026,105.582708333,6001.9263,2572.2422,8574.0069
2026-06-05,South,Gewerbekunde,75,50.051111111,1.848516667,-2494.4,105.582708333,660.9721,283.2722,944.2242
2026-06-05,South,Kleingewerbe,212,50.172759434,1.82922956,-7210.8,105.582708333,1891.1357,810.4735,2701.5622
2026-06-05,South,Privatkunde,835,50.178742515,1.872818363,-27971.2,105.582708333,7399.7567,3171.3079,10570.8716
2026-06-05,West,Gewerbekunde,79,50.09757384,1.900142405,-2692.8,105.582708333,696.794,298.627,995.3948
2026-06-05,West,Kleingewerbe,214,49.93029595,1.85590148,-7205.6,105.582708333,1890.5628,810.2352,2700.7509
2026-06-05,West,Privatkunde,905,50.153360958,1.857163444,-29850.4,105.582708333,7966.6235,3414.2678,11380.6774
2026-06-06,East,Gewerbekunde,44,57.760416667,1.873645833,2161.2,85.288020833,228.302,97.8446,326.1455
2026-06-06,East,Kleingewerbe,151,57.734547461,1.87191777,7542.8,85.288020833,784.8971,336.3899,1121.2709
2026-06-06,East,Privatkunde,613,57.841557912,1.87521751,32742.4,85.288020833,3026.5647,1297.1323,4323.6525
2026-06-06,North,Gewerbekunde,67,57.786691542,1.829166667,3644,85.288020833,329.8712,141.3764,471.2367
2026-06-06,North,Kleingewerbe,161,57.942287785,1.836847826,8942,85.288020833,790.0377,338.5991,1128.6282
2026-06-06,North,Privatkunde,686,57.977587464,1.860782313,35987.6,85.288020833,3463.3144,1484.3084,4947.5471
2026-06-06,South,Gewerbekunde,75,57.748888889,1.855877778,3998.4,85.288020833,367.5311,157.5155,525.0475
2026-06-06,South,Kleingewerbe,212,57.918042453,1.872590409,11736.4,85.288020833,1018.0281,436.3058,1454.3221
2026-06-06,South,Privatkunde,835,57.916716567,1.853806387,43720,85.288020833,4158.1705,1782.107,5940.2133
2026-06-06,West,Gewerbekunde,79,57.900843882,1.836619198,4156,85.288020833,398.633,170.844,569.4725
2026-06-06,West,Kleingewerbe,214,57.904205607,1.904332165,11071.2,85.288020833,1079.3691,462.5906,1541.9497
2026-06-06,West,Privatkunde,905,57.892173112,1.876217772,46793.2,85.288020833,4605.9847,1974.0263,6579.9793
2026-06-07,East,Gewerbekunde,44,68.447916667,1.859308712,7365.2,45.351041667,315.3418,135.1469,450.492
2026-06-07,East,Kleingewerbe,151,68.356236203,1.885747792,25615.6,45.351041667,1069.8005,458.4905,1528.2901
2026-06-07,East,Privatkunde,613,68.424347471,1.856494698,102574,45.351041667,4448.4778,1906.5251,6354.9863
2026-06-07,North,Gewerbekunde,67,68.519900498,1.891026119,11190.4,45.351041667,493.7876,211.6248,705.4082
2026-06-07,North,Kleingewerbe,161,68.452380952,1.856022257,26965.6,45.351041667,1156.2781,495.5489,1651.8299
2026-06-07,North,Privatkunde,686,68.386722546,1.862434402,116173.6,45.351041667,4883.1322,2092.8028,6975.9195
2026-06-07,South,Gewerbekunde,75,68.594444444,1.86635,12699.6,45.351041667,526.2595,225.5442,751.8002
2026-06-07,South,Kleingewerbe,212,68.548742138,1.839601022,35820.4,45.351041667,1526.7138,654.3202,2181.0307
2026-06-07,South,Privatkunde,835,68.417215569,1.855804391,142266.4,45.351041667,5885.1659,2522.2622,8407.4094
2026-06-07,West,Gewerbekunde,79,68.172468354,1.936424051,13413.6,45.351041667,551.1746,236.2208,787.3995
2026-06-07,West,Kleingewerbe,214,68.382009346,1.841390187,36363.6,45.351041667,1514.9926,649.2986,2164.2876
2026-06-07,West,Privatkunde,905,68.418692449,1.874941989,152364.8,45.351041667,6496.0781,2784.077,9280.1417
2026-06-08,East,Gewerbekunde,44,45.926515152,2.007181818,-3065.6,123.061704545,515.3777,220.888,736.2518
2026-06-08,East,Kleingewerbe,151,45.753495217,1.935461369,-10984.4,123.061704545,1790.6711,767.4691,2558.0784
2026-06-08,East,Privatkunde,613,45.83645097,1.986913902,-45402.8,123.061704545,7364.286,3156.2896,10520.3354
2026-06-08,North,Gewerbekunde,67,45.723383085,1.974752902,-4795,123.061704545,792.3981,339.6135,1131.9866
2026-06-08,North,Kleingewerbe,161,45.886749482,1.968162871,-11927.6,123.061704545,1928.3771,826.4909,2754.8044
2026-06-08,North,Privatkunde,686,45.810738581,1.986345967,-51986.8,123.061704545,8350.4355,3578.9387,11929.1252
2026-06-08,South,Gewerbekunde,75,45.860296296,2.001943704,-5619.8,123.061704545,910.3681,390.1709,1300.5144
2026-06-08,South,Kleingewerbe,212,45.970859539,1.986561845,-16092.2,123.061704545,2570.2038,1101.5729,3671.7036
2026-06-08,South,Privatkunde,835,45.792109115,2.001272655,-62844.2,123.061704545,10140.1961,4346.0224,14485.9277
2026-06-08,West,Gewerbekunde,79,45.775246132,1.990683544,-5780,123.061704545,939.9036,402.8382,1342.7148
2026-06-08,West,Kleingewerbe,214,45.709501558,1.997102804,-16239.8,123.061704545,2603.6381,1115.8983,3719.4583
2026-06-08,West,Privatkunde,905,45.742357274,1.983759853,-68196.8,123.061704545,10989.1646,4709.8773,15698.7079
